date,horizon_h,spot,settle,realized_logret,price_age_s,sum_yes,pm_vol,dvol,vol_gap,fit_sse,p_win_pm,p_win_dvol,brier_pm,brier_dvol,logloss_pm,logloss_dvol
2026-07-14,24,62618.01,64783.23,0.03399383715944552,55.0,1.0074999999999998,0.36093918099708483,0.3786,-0.017660819002915162,0.0003592913581627082,0.11414392059553352,0.12931824124542912,1.188274541435512,1.153896378473074,2.170295165457588,2.0454789262372657
2026-07-14,12,62572.89,64783.23,0.034714656355627115,56.0,1.0119999999999998,0.3832491221992859,0.3746,0.00864912219928593,0.0005388204250884774,0.05681818181818183,0.051128824977115794,1.4066020012810703,1.4454498232104769,2.867898902044106,2.973406851239458
2026-07-14,6,62629.55,64783.23,0.033809562111969026,57.0,0.9819999999999999,0.4165809422830966,0.3709,0.045680942283096604,0.0008415558104151788,0.03971486761710795,0.012715170601922954,1.5699718144524042,1.6981159142318138,3.2260296622248195,4.36495946282308
2026-07-14,3,63960.0,64783.23,0.012788885602639067,55.0,1.0034999999999998,0.3076987980192053,0.3675,-0.059801201980794694,0.0005286660524398254,0.44344793223717,0.4620248839088871,0.5942365646495362,0.5788297997361935,0.8131748860701524,0.7721365280762172
2026-07-14,1,64305.02,64783.23,0.007409073832584936,55.0,1.0139999999999998,1.004072662718739,0.3671,0.6369726627187391,2.198762391837863e-05,0.6607495069033532,0.8869111291201206,0.22425588117440637,0.025578185430107266,0.4143804717661165,0.1200104943414203
2026-07-15,24,64743.99,65400.0,0.010081380724231138,56.0,1.0410000000000001,0.3584505556780535,0.3666,-0.008149444321946475,0.0004045917518696551,0.5715658021133524,0.5672873488369636,0.2705279505684792,0.28007861516172944,0.5593756630693394,0.5668893155558434
2026-07-15,12,64792.01,65400.0,0.00933996517643423,56.0,1.0339999999999998,0.3629152398299374,0.36340000000000006,-0.00048476017006265915,0.0002341879622730951,0.7301740812379112,0.7342125929253223,0.10901122006517286,0.11056721650626883,0.31447230581934954,0.30895665616602913
2026-07-15,6,64671.83,65400.0,0.011196545894580981,55.0,1.0139999999999998,0.39032102014732734,0.3615,0.028821020147327348,0.0009483883955941902,0.8136094674556215,0.8484835731468976,0.05430190352812105,0.041662932861683176,0.20627479781644728,0.16430455436927663
2026-07-15,3,65164.0,65400.0,0.003615089259230181,55.0,1.0115,0.561329222718142,0.366,0.19532922271814201,0.0001291614727782364,0.8452792881858625,0.9663830266693487,0.036020270106821496,0.0020266836090360326,0.16808818767104003,0.03419501541883433
2026-07-15,1,65399.81,65400.0,2.9052029969124993e-06,55.0,1.009,0.5170224695623231,0.359,0.15802246956232313,7.070745672746435e-05,0.9464816650148663,0.9914279851625711,0.0048365503334213975,0.00014695873002196926,0.0550036798728786,0.008608965871357439
2026-07-16,24,65427.61,64706.18,-0.011087625908099018,54.0,1.022,0.3454372679967308,0.36369999999999997,-0.018262732003269166,0.0007865143126097922,0.5724070450097847,0.5545693257730151,0.2701348225535289,0.303506566029216,0.5579049235317933,0.5895634560696491
2026-07-16,12,64619.95,64706.18,0.0013335280778687501,55.0,1.011,0.3209099228092887,0.3601,-0.03919007719071127,0.000265685706646416,0.7467853610286845,0.7075289500430727,0.10500909383526996,0.1442469478062594,0.2919774697714466,0.3459767315130998
2026-07-16,6,64090.0,64706.18,0.009568369203530462,55.0,1.017,0.316331693667286,0.3625,-0.046168306332714015,0.0008824743954715899,0.5506391347099313,0.5560381114821923,0.3769623383793116,0.3931335603960532,0.5966756123193648,0.5869184412494317
2026-07-16,3,63966.01,64706.18,0.011504866190233142,55.0,1.0079999999999998,0.7224053999174977,0.3626,0.35980539991749777,0.0003732880240854051,0.4861111111111112,0.46711381793563256,0.5102404966616276,0.5679319693280015,0.7213180575266415,0.76118232951892
2026-07-16,1,64543.51,64706.18,0.00251714469705867,54.0,1.0019999999999998,0.4444781782082218,0.3618,0.08267817820822176,4.2187310022196345e-05,0.9585828343313375,0.985581037372429,0.002880964617670831,0.0004158128553516133,0.042299299436198576,0.014523926066914598
2026-07-17,24,64704.73,63434.01,-0.019834152536340084,55.0,1.0219999999999998,0.33660053127293277,0.3615,-0.02489946872706722,0.0002023815856274603,0.2592954990215265,0.2722617775825951,0.9187258971894255,0.8747482423140559,1.3497869447774273,1.3009912579299403
2026-07-17,12,63570.0,63434.01,-0.002141508003904427,43.0,1.0139999999999998,0.36508238955723143,0.3653,-0.00021761044276857877,0.0007815473801428404,0.6558185404339252,0.6606754042376661,0.19961174717660826,0.20859608712411862,0.42187114349527416,0.4144926274628042
2026-07-17,6,62989.46,63434.01,0.00703274213665352,55.0,1.013,0.40401650933148553,0.3626,0.04141650933148555,5.590085471326237e-05,0.863770977295163,0.9056200944516061,0.026707589100820606,0.013362901500656551,0.1464476178910689,0.09913538267647116
2026-07-17,3,63099.75,63434.01,0.005283345370228904,54.0,0.9979999999999999,0.49691242314083195,0.36950000000000005,0.1274124231408319,0.0001820501437705014,0.9068136272545092,0.9758976722880003,0.012455271263970797,0.0009675802995526053,0.09781833261153765,0.02439754203277031
2026-07-17,1,63174.0,63434.01,0.004107328841735728,55.0,1.0119999999999998,0.6456135294916124,0.3625,0.28311352949161245,0.00014277700415538471,0.9624505928853757,0.9996038584133077,0.002035358308987782,3.133462971941793e-07,0.03827254620487553,0.00039622007149875746
2026-07-20,24,64585.32,65571.98,0.015161330173377674,55.0,1.0079999999999998,0.3095195162569822,0.359,-0.04948048374301778,0.000461711678828897,0.6150793650793652,0.5601216857055099,0.22769874732300316,0.2993199895895464,0.4860039705921764,0.579601222955581
2026-07-20,12,64869.8,65571.98,0.010766286424972226,55.0,1.0079999999999998,0.3391390948789204,0.3619,-0.02276090512107959,0.0001635423293017388,0.7688492063492065,0.7441637034060227,0.07855213844797172,0.09987561814800591,0.2628604192779667,0.29549423689270865
2026-07-20,6,64199.5,65571.98,0.021153048052334155,55.0,1.0179999999999998,0.29631480241637964,0.3624,-0.06608519758362036,0.0015673825624492863,0.6335952848722988,0.6250631604158875,0.24002435531744895,0.2797630848724037,0.45634488031469533,0.46990257768619637
2026-07-20,3,64640.0,65571.98,0.014315056343088118,55.0,1.007,0.4777122014180511,0.36619999999999997,0.11151220141805113,0.0006866888408224035,0.8490566037735849,0.9274759049873562,0.0364735826375254,0.010369443705792982,0.16362942378180204,0.07528846328828243
2026-07-20,1,64416.01,65571.98,0.017786265857625164,54.0,1.008,0.41733397374473985,0.3592,0.05813397374473983,4.428819989033214e-05,0.9226190476190477,0.9541321361347481,0.01082313712522045,0.004207721860000676,0.08053886248401225,0.046953109646354116
2026-07-21,24,65598.75,66652.02,0.015928712851898546,55.0,0.9914999999999998,0.3352966512032294,0.3592,-0.02390334879677064,0.0006601660713733024,0.3177004538577913,0.3419552448040164,0.7867565176415061,0.728363518270072,1.1466463091342174,1.0730754136290115
2026-07-21,12,65566.78,66652.02,0.016416188496347163,56.0,1.021,0.33667378112795737,0.3632,-0.02652621887204265,0.00037736517191128366,0.2791380999020568,0.3064373319217656,0.970865017780383,0.9097557465532168,1.2760486378960152,1.1827420080619124
2026-07-21,6,66291.99,66652.02,0.005416278328824863,55.0,1.0189999999999997,0.3605060888010806,0.36869999999999997,-0.00819391119891938,0.0007853252264675591,0.6624141315014723,0.6704687234509794,0.2069622221944005,0.21440489421971393,0.41186434235019453,0.3997782239539396
2026-07-21,3,66558.82,66652.02,0.0013992857519272983,54.0,1.0089999999999997,0.4427590531939659,0.38060000000000005,0.06215905319396586,0.0005626613516893387,0.8325074331020815,0.8825084440053198,0.04772164493787815,0.027337796829788735,0.18331312851624934,0.12498692194247812
2026-07-21,1,66842.3,66652.02,-0.002850759925432797,54.0,1.0074999999999998,0.5689703418557177,0.3747,0.19427034185571773,0.00011005165929322159,0.9746898263027297,0.9992173763295443,0.0008649766946412978,1.211251188825351e-06,0.025635985466371972,0.0007829300802399162
2026-07-22,24,66676.54,66026.09,-0.009803199969134417,55.0,1.0119999999999998,0.3350125245505593,0.3735,-0.0384874754494407,0.0004405558208713115,0.58300395256917,0.5406124861829491,0.25600110921901603,0.3152699790996351,0.5395613129476456,0.6150525485087219
2026-07-22,12,66210.0,66026.09,-0.0027815419916845715,55.0,1.0114999999999996,0.36845141216214833,0.375,-0.0065485878378516715,0.0004203087043826803,0.5635195254572419,0.5609524117347585,0.3401559280337414,0.3574126036975128,0.573553295779204,0.5781192046247777
2026-07-22,6,65928.0,66026.09,0.0014867294839876791,55.0,1.0204999999999997,0.5345129139304172,0.3807,0.15381291393041724,6.018978226050069e-05,0.4458598726114651,0.45347459751845787,0.5772717594074053,0.594762358504928,0.8077505632989488,0.7908160252880697
2026-07-22,3,65636.01,66026.09,0.0059254886767631685,56.0,0.9899999999999998,0.44035442308815903,0.3797,0.06065442308815905,0.00028193852048292957,0.2373737373737374,0.2146021802936976,1.132905825936129,1.233438163315008,1.4381194289844765,1.5389692890342714
2026-07-22,1,65793.98,66026.09,0.003521622160907668,55.0,0.9939999999999998,0.3078680767067721,0.37979999999999997,-0.0719319232932279,6.123258667940768e-05,0.16599597585513082,0.21991708727104564,1.376124959009591,1.2170587014557992,1.7957917327559931,1.5145046797061006
2026-07-23,24,66047.39,64947.29,-0.01679649682629486,55.0,0.9974999999999999,0.3474798295942056,0.3818,-0.03432017040579438,0.0001709306405801732,0.4461152882205514,0.4309509774173661,0.5141666195564097,0.5249391876982752,0.8071778665977782,0.8417609368384731
2026-07-23,12,65662.53,64947.29,-0.01095242531902315,54.0,1.0005,0.3090034210768901,0.38159999999999994,-0.07259657892310983,0.0006667019702714891,0.654672663668166,0.6090684879746364,0.21292302374549846,0.27603876586594006,0.423619918388536,0.4958245578668942
2026-07-23,6,65638.92,64947.29,-0.010592794861713502,56.0,1.0224999999999997,0.3215560501717714,0.38539999999999996,-0.06384394982822855,0.0008612768330852307,0.7286063569682153,0.7022991325074813,0.13151427836992835,0.17351901164770483,0.3166216695373971,0.3533958510343835
2026-07-23,3,65167.04,64947.29,-0.0033778017984222794,54.0,1.0005,0.5030901584718654,0.3873,0.11579015847186547,0.00020996246038958394,0.8845577211394303,0.956198041274858,0.02020928566201656,0.0033895715480829827,0.12266750901585854,0.04479023123935828
2026-07-23,1,64909.99,64947.29,0.0005744768568357957,54.0,1.0079999999999998,0.5733007892206825,0.38530000000000003,0.18800078922068247,7.722255847832612e-06,0.9846230158730161,0.9996695360651643,0.00032429059586796833,2.026367358190994e-07,0.015496436069968167,0.0003305185500744013
2026-07-24,24,64958.36,64066.0,-0.013832647242632315,54.0,1.0265,0.3401470760360057,0.3862,-0.0460529239639943,0.0005568399222709838,0.6039941548952752,0.5531229168175129,0.22079292323804,0.2903091684472205,0.5041907584198511,0.5921750294326616
2026-07-24,12,65456.7,64066.0,-0.02147505334997729,56.0,1.0124999999999997,0.35827045394632273,0.38189999999999996,-0.02362954605367723,0.0003585195623994107,0.6864197530864199,0.6665627853828561,0.1622840420667581,0.18920047785762173,0.37626595341590185,0.4056209421753778
2026-07-24,6,65113.13,64066.0,-0.01621241659935189,56.0,1.0074999999999996,0.37794909912433844,0.3761,0.0018490991243384491,0.0006954384270404807,0.8684863523573204,0.8757796936236846,0.024626714036783598,0.024094107740104734,0.14100340746322326,0.13264071097214872
2026-07-24,3,64780.01,64066.0,-0.011083266125125531,54.0,1.0025,0.4619726515469412,0.3782,0.08377265154694125,6.304549226748172e-05,0.9027431421446385,0.9541462457889776,0.0150596078382597,0.0038854872182129234,0.10231721548079806,0.0469383218099846
2026-07-24,1,64055.12,64066.0,0.00016983928998056227,43.0,0.9854999999999998,0.47778352608006924,0.3718,0.10598352608006922,1.99493205799139e-05,0.5631659056316592,0.58500982650304,0.3768076994656923,0.344433688198053,0.57418101284634,0.536126634450262
2026-07-25,24,64093.85,64187.95,0.0014670828890438047,54.0,1.019,0.2642796282838799,0.3701,-0.10582037171612008,0.0024055723617528836,0.5348380765456331,0.46235308299055794,0.3832226942267668,0.4794838457971358,0.6257912385594805,0.7714264308925671
2026-07-25,12,64085.36,64187.95,0.0015995536697953623,56.0,1.0104999999999997,0.11349024018816606,0.37020000000000003,-0.25670975981183397,0.000350966022362633,0.6135576447303317,0.5204603779057546,0.28355263302860767,0.43815017417617563,0.4884810588045382,0.6530415169643873
2026-07-25,6,63999.99,64187.95,0.002932571265350581,53.0,0.9874999999999998,0.030006478674623242,0.37439999999999996,-0.3443935213253767,9.962001789559164e-05,0.5012658227848102,0.4972097230080954,0.48996814613042783,0.504154130340425,0.6906187342065864,0.698743364009645
2026-07-25,3,64123.8,64187.95,0.0009999085094677697,40.0,0.9844999999999998,0.1240958771898118,0.3753,-0.2512041228101882,1.276773259124999e-05,0.7973590655154903,0.6082398250304785,0.08029742883665836,0.3069388796159103,0.22645018029677155,0.49718602572726345
2026-07-25,1,64214.04,64187.95,-0.00040638000017060016,55.0,1.0094999999999996,0.1862695203168798,0.3765,-0.1902304796831202,1.2143183635008906e-05,0.9509658246656764,0.7961608586202881,0.0043936246078303395,0.08310079111500117,0.050277153291009964,0.22795402986008398
2026-07-26,24,64182.0,64780.01,0.00927427055975491,53.0,1.0079999999999998,0.20752997699737294,0.37689999999999996,-0.16937002300262702,0.0008474858038194948,0.5853174603174605,0.4763570694500475,0.31451562106324,0.4463705358396233,0.5356009117315486,0.7415875600660662
2026-07-26,12,64557.0,64780.01,0.00344851363128699,54.0,1.0084999999999997,0.20110792802803512,0.37439999999999996,-0.17329207197196483,0.00022264717013623764,0.867625185919683,0.6772949298957827,0.030630075690296275,0.17804641969240123,0.14199547103665172,0.3896484585477758
2026-07-26,6,64538.0,64780.01,0.003742870502384783,53.0,1.0029999999999997,0.19569325079793767,0.3739,-0.17820674920206234,0.0001176659369169772,0.9421734795613164,0.7916043715707864,0.0053906078375043995,0.08254626488292331,0.05956586046819245,0.2336935428197754
2026-07-26,3,64466.67,64780.01,0.0048487220544126295,55.0,1.0094999999999998,0.2204632911498206,0.3729,-0.1524367088501794,8.291701451835304e-05,0.9569093610698367,0.8526687860841312,0.002916817229877321,0.04331739002170432,0.04404660354037403,0.1593840998803049
2026-07-26,1,64712.99,64780.01,0.0010351139595825684,55.0,1.0054999999999998,0.4412861453624507,0.3743,0.06698614536245068,2.3593208657043767e-05,0.987568373943312,0.99718215739023,0.00020226892320976061,1.5878112209159156e-05,0.012509545167533944,0.0028218202021668927
2026-07-27,24,64768.0,64548.93,-0.0033881133671263535,54.0,1.0124999999999997,0.33250414979015575,0.37520000000000003,-0.04269585020984429,0.0004525708660405105,0.6074074074074075,0.5587407451395138,0.22386294772138393,0.28892733138547816,0.49855553117417617,0.5820696967002351
2026-07-27,12,65284.0,64548.93,-0.011323442430630099,56.0,1.009,0.3462950954452839,0.3728,-0.026504904554716102,0.00021738628561370578,0.738354806739346,0.7114326955564454,0.10628672964135465,0.13357925053999892,0.3033308019740494,0.34047446106866297
2026-07-27,6,65262.17,64548.93,-0.010989001363481576,54.0,0.9944999999999998,0.34801225744262554,0.37020000000000003,-0.02218774255737449,0.0002911278873445995,0.8697838109602817,0.8558617796937803,0.02673629042185511,0.03614107275045304,0.1395105913621474,0.15564638819880372
2026-07-27,3,65086.0,64548.93,-0.008285931465887008,55.0,0.9984999999999998,0.46951782199282865,0.3726,0.09691782199282867,0.00011979119881337354,0.9163745618427643,0.9712035214596642,0.01002956613187179,0.0013415744926679805,0.08733008758034838,0.029219232798320074
2026-07-27,1,64687.45,64548.93,-0.0021436696547102235,56.0,1.0089999999999997,0.5296907593652865,0.37310000000000004,0.1565907593652865,4.61498809484474e-05,0.966303270564916,0.9962988016696964,0.0018171442154405989,2.73960250981614e-05,0.03427754935576148,0.0037080647126415847
2026-07-28,24,64554.01,63926.66,-0.009765748977624705,56.0,1.0059999999999998,0.3306826385979634,0.369,-0.03831736140203662,0.0007811308162351299,0.2833001988071571,0.3124559408065683,0.8605049622740693,0.7846569177645647,1.2612481703910337,1.1632918091646047
2026-07-28,12,63343.83,63926.66,0.00915898216961017,42.0,0.9954999999999999,0.39271198659431356,0.3818,0.010911986594313583,8.773158642564711e-05,0.6880964339527876,0.703768502465193,0.155048294926365,0.14446372399263913,0.37382628524202555,0.35130580862667987
2026-07-28,6,63393.99,63926.66,0.00836742677408545,56.0,0.9969999999999999,0.3470454446880385,0.375,-0.027954555311961504,0.0011017513644248863,0.8324974924774323,0.8231611190611365,0.04460070281053792,0.058614866551007325,0.1833250691711947,0.19460332703894218
2026-07-28,3,63546.65,63926.66,0.005962206923360225,55.0,1.0054999999999998,0.43367761155795975,0.38780000000000003,0.04587761155795972,0.0005210369753673971,0.8005967180507212,0.8396222100542964,0.07031045806987471,0.05134535941054921,0.22239793179414316,0.174803238247976
2026-07-28,1,63412.45,63926.66,0.008076274366835414,53.0,1.0099999999999998,0.45849448913876967,0.3732,0.08529448913876969,0.0001033700463739053,0.964851485148515,0.9896934733610017,0.0018679541221448747,0.0002124488147001978,0.03578109088768944,0.010360006664233055
2026-07-29,24,63928.47,63988.01,0.0009309199924800957,54.0,1.0325,0.39330983636923994,0.3728,0.02050983636923992,0.0004002123133619138,0.450363196125908,0.46735146826008944,0.4787392785324414,0.46868601338198423,0.7977009192478314,0.7606736956871638
2026-07-29,12,63753.03,63988.01,0.003679009737826033,51.0,1.0259999999999998,0.39492140839397233,0.3738,0.021121408393972307,0.0004442934726283402,0.5799220272904484,0.5904084604098184,0.311563102037094,0.3136625062589581,0.544861620185085,0.5269406758361177
2026-07-29,6,64698.0,63988.01,-0.011034567069350807,54.0,0.9909999999999998,0.38709356237121134,0.37170000000000003,0.015393562371211311,0.000689477907302067,0.12613521695257318,0.13344922733503256,1.4411367290478077,1.4678924616467564,2.0704007970276868,2.0140341930694405
2026-07-29,3,64276.81,63988.01,-0.004503190945751724,54.0,1.0164999999999997,0.4207241048382008,0.3749,0.04582410483820076,0.0003657910269047705,0.28037383177570097,0.26808900982127654,1.005885912449502,1.0712882793114904,1.2716314527997508,1.3164362274141843
2026-07-29,1,64108.01,63988.01,-0.0018735950594496095,54.0,1.0094999999999998,0.34466091078801886,0.3804,-0.035739089211981157,0.00014902998159255305,0.31698860822189207,0.33985666162127903,0.9136403767968542,0.8715784544110656,1.1488894419591198,1.0792313337300503
2026-07-30,24,63964.01,64749.19,0.012200609413767686,41.0,1.0074999999999998,0.4482473922677733,0.3826,0.06564739226777333,0.0006267973863643033,0.39702233250620356,0.42713727034754767,0.541789186559858,0.5413805182347335,0.9237627467128559,0.8506498411921568
2026-07-30,12,64161.98,64749.19,0.009110367417675758,41.0,0.9944999999999997,0.31346572161561526,0.3696,-0.05613427838438473,0.0012003208742322423,0.5681246857717447,0.5514614486782494,0.3370432805265563,0.3806512188981924,0.5654143671475858,0.5951833454005173
2026-07-30,6,64567.56,64749.19,0.00280907337116399,52.0,1.0119999999999998,0.3189673535871475,0.3589,-0.03993264641285249,0.0004466239763975745,0.8399209486166009,0.8155562342632448,0.04372724929306812,0.06467217676631501,0.17444750036304854,0.2038849025072528
2026-07-30,3,64925.0,64749.19,-0.0027115666999209605,52.0,1.0014999999999998,0.47398470298742273,0.35359999999999997,0.12038470298742276,0.00011374864833878703,0.9136295556665004,0.9797372172242321,0.010305061628725135,0.0006502123615619274,0.09033008983035147,0.020470888964561958
2026-07-30,1,64683.97,64749.19,0.001007778926511452,54.0,0.9989999999999998,0.4621922379908387,0.35719999999999996,0.10499223799083873,6.069533856172998e-05,0.9794794794794798,0.9973110589996876,0.0005581156732307762,1.4460458934943339e-05,0.020733991812422296,0.0026925626959714596
2026-07-31,24,64730.3,62754.27,-0.03100278367734904,49.0,1.0179999999999998,0.31976828630260096,0.35600000000000004,-0.03623171369739908,0.0005618707947154028,0.2308447937131631,0.2637614234723375,0.9877089597461799,0.8979022685101262,1.466009682966309,1.3327102833863276
2026-07-31,12,64370.0,62754.27,-0.025421062559013396,52.0,0.9909999999999999,0.3088481748658209,0.35609999999999997,-0.04725182513417908,0.0008532801231999858,0.2875882946518668,0.331052536212038,0.9518619136303421,0.8556445542242376,1.2462253540613375,1.105478196525878
2026-07-31,6,63715.9,62754.27,-0.015207515461150525,51.0,1.009,0.34038815746846773,0.3558,-0.015411842531532272,0.0007025489626812311,0.6788899900891974,0.6835409837454651,0.18894763776163187,0.19916780471671006,0.38729618209138345,0.38046866302765875
2026-07-31,3,63754.01,62754.27,-0.015805460515563426,52.0,1.0104999999999997,0.34978854925585484,0.3539,-0.004111450744145151,0.00022922949731016626,0.7174666006927265,0.7228245595262561,0.1513298882270548,0.1536466584168914,0.33202888198900077,0.3245887425260726
2026-07-31,1,62682.06,62754.27,0.001151341209946416,51.0,1.0084999999999997,0.5977380021219146,0.35810000000000003,0.2396380021219146,0.00015662580153873366,0.9494298463063959,0.9978660632762383,0.003980051564674948,9.107258407801922e-06,0.0518936363394651,0.0021362168110176617
2026-08-01,24,62716.57,63000.01,0.004509198074942379,36.0,1.0234999999999999,0.2890138295247015,0.35479999999999995,-0.06578617047529844,0.0007935319721030174,0.6741573033707866,0.5932529348933848,0.15594353408147416,0.2519621859972909,0.394291807510039,0.5221344365341526
2026-08-01,12,63004.48,63000.01,-7.094985268975389e-05,52.0,1.0084999999999997,0.22604742772514377,0.3563,-0.13025257227485623,0.0001333779936304504,0.9370352007932575,0.7713031559493888,0.005148601783206623,0.07838585511419147,0.06503442990052348,0.25967378432309607
2026-08-01,6,63053.17,63000.01,-0.0008434535828696502,52.0,1.0064999999999997,0.29153421390319767,0.3546,-0.06306578609680236,2.458013965558898e-05,0.958768007948336,0.9112592960537278,0.0023523204486288513,0.01198351988407345,0.042106143740860004,0.09292779428060073
2026-08-01,3,63103.68,63000.01,-0.0016442028517190488,51.0,1.0109999999999997,0.36200927677366435,0.3552,0.00680927677366433,9.820089738285516e-05,0.9742828882294761,0.9805107707402938,0.0008589981029643108,0.0006435503883745665,0.02605357784838223,0.019681648459314634
2026-08-01,1,63126.52,63000.01,-0.0020060813918662884,52.0,1.0059999999999998,0.5273313289944837,0.3554,0.17193132899448366,3.2877343407885865e-05,0.9890656063618293,0.9998521399174299,0.00014574580350896062,4.341171664986149e-08,0.010994613501091493,0.00014787101494972534
2026-08-04,24,63694.91,64125.43,0.0067363555444709955,54.0,1.0005,0.2946373097683895,0.35,-0.0553626902316105,0.00022912464472917978,0.3548225887056472,0.3679757184355328,0.7538604510838035,0.6910564568167056,1.0361373645483722,0.999738325502287
2026-08-04,12,63800.01,64125.43,0.005087662030928325,51.0,1.0205,0.31292662168040486,0.3439,-0.030973378319595124,0.0012308157443909763,0.3625673689367957,0.3966286530877806,0.7585285575155659,0.708912193092073,1.0145449766116292,0.9247548186887177
2026-08-04,6,63603.73,64125.43,0.008168892696368626,52.0,1.027,0.2933592537137922,0.3392,-0.04584074628620782,0.001326035578376273,0.189873417721519,0.24067410753447638,1.2562506577518961,1.150042840274144,1.6613976513648114,1.4243115115020824
2026-08-04,3,63906.41,64125.43,0.0034213397799492413,50.0,1.0094999999999996,0.4678949444526341,0.3456,0.12229494445263406,0.0003032936214957204,0.4210004952947005,0.4082637202587699,0.6486133097632912,0.7003020641349122,0.865121268828475,0.8958419402038876
2026-08-04,1,64128.72,64125.43,-5.130438275442532e-05,50.0,1.007,0.25060519169959533,0.3444,-0.09379480830040465,3.303588043966468e-05,0.7696127110228402,0.7068455918128925,0.10301080125319385,0.1718790140790649,0.26186786336521517,0.3469430360712361
2026-08-05,24,64125.14,64425.87,0.004678773797337107,50.0,0.998,0.2840610700610718,0.3446,-0.06053892993892823,0.0012936436380789353,0.531062124248497,0.4854854483039329,0.3858117035674556,0.4525930157012028,0.6328762697652965,0.7226059642974052
2026-08-05,12,64183.27,64425.87,0.003772675686120068,51.0,1.015,0.2926414250354249,0.3427,-0.05005857496457511,0.0010292203058308077,0.5862068965517242,0.5730553903678282,0.3119702006843166,0.350613794128843,0.5340824859302579,0.55677289963078
2026-08-05,6,64155.05,64425.87,0.0042124508125954635,51.0,1.029,0.23699971308347317,0.344,-0.1070002869165268,0.0006298054913488915,0.6365403304178815,0.603408265918359,0.24474637835142382,0.31387252392385023,0.4517075001987976,0.5051612534475267
2026-08-05,3,64332.43,64425.87,0.00145140183433829,50.0,1.0294999999999999,0.3509672275282947,0.34759999999999996,0.003367227528294714,0.0007187249335255466,0.7722195240407966,0.7887396117057595,0.0918456763929358,0.08924743682893374,0.25848641181351206,0.23731903579251581
2026-08-05,1,64476.39,64425.87,-0.0007838497569663464,51.0,1.0064999999999995,0.4036971150138169,0.3457,0.05799711501381688,2.6528776347516592e-05,0.9538002980625936,0.9775702482308447,0.0037194894882221947,0.0010061875231775744,0.04730096061796379,0.022685124507000734
2026-08-06,24,64388.01,64620.0,0.0035965247439385638,50.0,1.009,0.2790211217518496,0.3433,-0.06427887824815037,0.0005257672905698685,0.6095143706640238,0.54529973910713,0.25578956880641124,0.33879046022491155,0.49509275254709106,0.6064196554893884
2026-08-06,12,64531.03,64620.0,0.0013777670077253922,51.0,1.0054999999999998,0.2631925335256321,0.34509999999999996,-0.08190746647436786,0.0005550128812854625,0.7807061163600201,0.7006132060720196,0.08254154611100897,0.15872420533374154,0.24755649143029806,0.35579931873608406
2026-08-06,6,64683.62,64620.0,-0.000984040588094837,51.0,1.0134999999999998,0.30250616758632565,0.34509999999999996,-0.042593832413674315,0.0005517893761273184,0.8929452392698571,0.8666769013810084,0.017434101884061914,0.032485414555244806,0.11323002219212837,0.14308903442462348
2026-08-06,3,64424.0,64620.0,0.003037725903108454,51.0,1.0069999999999997,0.31805029076096664,0.3465,-0.02844970923903334,0.0002995134892184996,0.8589870903674283,0.8476057368695444,0.03492632012851443,0.04642338680795512,0.15200138578668268,0.1653396842419219
2026-08-06,1,64778.0,64620.0,-0.0024420791437689254,50.0,1.0089999999999997,0.4869969037712161,0.34659999999999996,0.14039690377121616,4.801836508784424e-05,0.9856293359762145,0.9994446679364309,0.00025636467039458324,6.165402095453455e-07,0.014474922059581641,0.0005554863175302296
2026-08-07,24,64631.87,64931.86,0.004630779556669485,50.0,1.0045,0.28515109307034503,0.34619999999999995,-0.06104890692965492,0.0009175088087432609,0.6570433051269289,0.5810146207334802,0.17820901017596028,0.271667942104291,0.42000534923451777,0.5429793576732214
2026-08-07,12,64289.99,64931.86,0.009934469736108828,39.0,1.0145,0.27423256453374284,0.3488,-0.07456743546625716,0.0004401329686446468,0.6554953178905866,0.6137966315620281,0.21842378658782302,0.28134923813991813,0.42236411861001516,0.48809162465445927
2026-08-07,6,64839.32,64931.86,0.0014262028855089105,51.0,0.9969999999999999,0.35797176100148115,0.34369999999999995,0.014271761001481198,0.0002645954842923486,0.8826479438314946,0.9016057863721969,0.01996611700698885,0.015789640936328144,0.12482886248958605,0.10357789838431139
2026-08-07,3,65292.32,64931.86,-0.005536005995126483,51.0,1.0115,0.48543291905617836,0.3456,0.13983291905617834,0.000362560414877195,0.8650519031141868,0.9534727002363566,0.02894542714297201,0.004247777838714851,0.1449657702501858,0.04764448546181241
2026-08-07,1,64957.98,64931.86,-0.0004021869663105961,51.0,1.009,0.6283890543716959,0.3414,0.2869890543716959,2.6002948232897136e-05,0.9752229930624381,0.9999702657740629,0.0007857920931635088,1.4707516923818608e-09,0.025089123301355497,2.973466800796499e-05
2026-08-08,24,64912.72,65089.77,0.002723795666714844,50.0,1.0164999999999997,0.1991873220391854,0.3404,-0.14121267796081458,0.00031838546394078317,0.8509591736350224,0.6107241005719113,0.031203780029900086,0.2245566309933626,0.1613911261365217,0.4931099756838272
2026-08-08,12,65033.0,65089.77,0.0008725606379556669,39.0,1.0064999999999997,0.1886598371432749,0.3387,-0.1500401628567251,3.963505942423073e-05,0.9692001987083957,0.779868141417146,0.0012388427037470394,0.07276417162443251,0.03128408501668001,0.24863042305416846
2026-08-08,6,64994.31,65089.77,0.0014676664067644507,51.0,1.0065,0.24225312488572998,0.3395,-0.09724687511427005,1.2177068364407968e-05,0.983109786388475,0.9166621389452363,0.0003603008660300166,0.010417794269178314,0.017034480037225654,0.08701631633429781
2026-08-08,3,65008.34,65089.77,0.0012518246519313326,51.0,1.0024999999999997,0.30578318664771126,0.3393,-0.03351681335228873,8.932235647665281e-06,0.9920199501246886,0.9856648736294501,7.412889223325252e-05,0.0003092723687777345,0.008012060886697061,0.014438866910567059
2026-08-08,1,65129.02,65089.77,-0.0006028316065390774,51.0,1.001,0.48654138947678494,0.3411,0.14544138947678492,1.6358185530493605e-05,0.9920079920079921,0.9998665213185352,7.43512232023713e-05,3.541890029979222e-08,0.008024115270047944,0.0001334875905368416
2026-08-09,24,65080.82,65235.85,0.002379282299573599,51.0,1.003,0.18040555403626315,0.34119999999999995,-0.1607944459637368,2.112322768628356e-05,0.8923230309072783,0.6099682111440106,0.017580856632495315,0.22486978052116283,0.11392706968708004,0.4943484360513746
2026-08-09,12,64788.8,65235.85,0.006876415534519802,51.0,1.009,0.19673214807871664,0.34590000000000004,-0.1491678519212834,0.00010131460818810423,0.9440039643211101,0.7559644395919871,0.004890082419768161,0.09400408359391808,0.05762491335275282,0.2797609414856422
2026-08-09,6,64877.85,65235.85,0.00550289329113848,51.0,1.0019999999999998,0.2083238655020276,0.34380000000000005,-0.13547613449797244,2.9394150487651966e-05,0.9900199600798405,0.9063829339582886,0.00011603539428129409,0.013850553949713887,0.010030174359937133,0.09829339782347768
2026-08-09,3,64960.11,65235.85,0.004235775246364849,51.0,1.0044999999999997,0.30655949078803946,0.3432,-0.03664050921196055,9.77255597933175e-06,0.9915380786460929,0.9842468696848872,8.275354235952624e-05,0.00037823792430860103,0.00849792667039056,0.015878529569863103
2026-08-09,1,65260.01,65235.85,-0.00037027995027651085,51.0,1.0019999999999998,0.42037923281618356,0.3461,0.07427923281618354,2.2844035899025672e-05,0.9910179640718565,0.9988595164537478,9.46211369675781e-05,2.6012502806642196e-06,0.009022617599637307,0.0011411343925118425
2026-08-10,24,65228.68,64260.0,-0.014961895827850137,39.0,1.026,0.2658748844870932,0.3465,-0.0806251155129068,0.00043364908423976684,0.7066276803118908,0.5951805158665437,0.12662300650912534,0.24547701512400594,0.3472513708760401,0.5188905314383457
2026-08-10,12,64982.01,64260.0,-0.011173108669483563,50.0,1.0144999999999997,0.2809515667072045,0.3468,-0.0658484332927955,9.634788632961462e-05,0.857565303104978,0.7692655282964178,0.02913204566316741,0.07980938204351654,0.1536579476172398,0.26231907870303994
2026-08-10,6,64967.24,64260.0,-0.010945789157233847,51.0,1.0034999999999998,0.3066290177389473,0.3468,-0.0401709822610527,8.665732928615528e-05,0.9417040358744395,0.9096048264344704,0.004709475977079717,0.012296745251709313,0.06006424074265002,0.09474503045339032
2026-08-10,3,64870.75,64260.0,-0.009459475055124943,51.0,1.0019999999999998,0.40246392809892123,0.3546,0.047863928098921205,0.00010670137687080015,0.9510978043912177,0.9758823356489881,0.0033904247393436535,0.0009950947977403635,0.05013837799060784,0.02441325757340517
2026-08-10,1,64625.77,64260.0,-0.005675893963515941,50.0,1.0074999999999998,0.4039934164252306,0.35840000000000005,0.04559341642523057,3.780017261355554e-05,0.9841191066997521,0.9944428047653902,0.00033347905596363945,6.176462286096024e-05,0.016008345860987126,0.005572693890087188
2026-08-11,24,64299.99,63566.0,-0.011480739516278189,50.0,1.0159999999999998,0.2704658659090048,0.3618,-0.09133413409099522,0.0002077930012632565,0.3592519685039371,0.3783342348894069,0.7602760361770722,0.6551447745143527,1.0237312745559355,0.9719772547699878
2026-08-11,12,64155.01,63566.0,-0.009223450013177745,50.0,1.0174999999999998,0.20650674875382669,0.35979999999999995,-0.15329325124617327,0.0006403683838250027,0.3636363636363637,0.42529292049208567,0.7765301329920495,0.6365133078714775,1.0116009116784797,0.8549771227767167
2026-08-11,6,64300.0,63566.0,-0.01148089503728563,50.0,1.029,0.23859859246998902,0.3593,-0.12070140753001099,0.0002828098317949953,0.2186588921282799,0.3110829828197147,1.1925874611957792,0.9454059243076284,1.5202423336296293,1.1676955766077082
2026-08-11,3,64330.01,63566.0,-0.011947504665077735,50.0,1.0119999999999998,0.2777066281496191,0.3579,-0.08019337185038089,0.00010837661435357799,0.1531620553359684,0.2196958667381744,1.4143645815432209,1.2176651098584206,1.876258732928164,1.5155111129766705
2026-08-11,1,63770.03,63566.0,-0.0032045945614275918,50.0,0.9864999999999998,0.2747015987673365,0.35969999999999996,-0.08499840123266345,3.018448007647595e-05,0.886974151039027,0.8260284637855677,0.024112133159025426,0.06053219082557672,0.11993943910505546,0.19112604626606097
2026-08-12,24,63609.87,63469.8,-0.002204444766395829,50.0,1.0214999999999999,0.2928898957873956,0.3616,-0.06871010421260437,0.0011710403861382827,0.6069505628976996,0.540923586994631,0.25016908853195213,0.3379517491892428,0.49930793621853936,0.6144772541140596
2026-08-12,12,63835.59,63469.8,-0.005746669589715877,35.0,1.0159999999999998,0.3480360426201876,0.3592,-0.011163957379812406,0.0008638422129001283,0.5708661417322836,0.5649727159881961,0.3361026722053444,0.36149480685818003,0.5606005245979621,0.5709778392880881
2026-08-12,6,64108.81,63469.8,-0.010017593761658405,36.0,1.0194999999999999,0.2644188661747491,0.3594,-0.09498113382525092,0.00048231031927021515,0.3923491907797941,0.42999565754086316,0.7100452409019704,0.6484742713992421,0.9356030429065277,0.8439801690877002
2026-08-12,3,64119.71,63469.8,-0.010187602742909285,52.0,1.009,0.4175220490832546,0.36090000000000005,0.05662204908325452,0.00028629342965206123,0.3964321110009911,0.39109654877521804,0.7063244476618263,0.7415174866063005,0.9252504732456268,0.9388008216645692
2026-08-12,1,63363.39,63469.8,0.0016779523556360262,50.0,1.0079999999999998,0.47298106865630696,0.3589,0.11408106865630696,4.613104134025391e-05,0.9722222222222224,0.9954585352185843,0.0011800437767699558,4.124974009387364e-05,0.028170876966696106,0.004551808561753181
2026-08-13,24,63441.47,63434.0,-0.00011775325850819259,49.0,1.0039999999999998,0.27257179540910226,0.3586,-0.08602820459089772,0.0006062479029613952,0.6723107569721117,0.5709292719576582,0.17073240900938072,0.2864702365667937,0.3970346093791444,0.560489943972603
2026-08-13,12,63646.99,63434.0,-0.0033520387184975972,50.0,1.0079999999999996,0.27737135975919675,0.3555,-0.07812864024080324,0.00023959502585217023,0.6944444444444448,0.641774220336888,0.17350777116402108,0.23902336379768488,0.3646431135879088,0.4435187188649368
2026-08-13,6,63782.64,63434.0,-0.005481057710997774,50.0,1.0094999999999996,0.24195551970292528,0.3532,-0.11124448029707473,0.0001680515953923521,0.698365527488856,0.6442001968511237,0.17357294901015877,0.2523311299963825,0.3590126349406233,0.43974573651053744
2026-08-13,3,63697.76,63434.0,-0.004149401824395765,50.0,1.0134999999999998,0.34564161465800164,0.3532,-0.007558385341998375,0.00014073425222682628,0.7646768623581649,0.7665181953823561,0.10471462099349939,0.10901901800102302,0.26830193653870754,0.2658968426841024
2026-08-13,1,63859.45,63434.0,-0.006684579359246918,50.0,0.9874999999999997,0.29435927603520323,0.3544,-0.06004072396479676,3.8839929500906066e-05,0.7544303797468357,0.719887036779546,0.11694638679698759,0.15692654432828512,0.2817922783957171,0.3286609726428287
2026-08-14,24,63420.01,62997.65,-0.0066820026806448515,47.0,1.0254999999999999,0.2812191541390079,0.35369999999999996,-0.07248084586099207,0.0006969612164834883,0.6630911750365677,0.5794183132447281,0.18499924285664357,0.2752410201294562,0.4108427793422827,0.5457305868893473
2026-08-14,12,63310.0,62997.65,-0.004945870447525599,49.0,0.9984999999999998,0.2537225855948384,0.34619999999999995,-0.09247741440516155,0.00035837017285739837,0.8562844266399601,0.7509577377387232,0.0333705365258704,0.1033150421459193,0.15515268391910952,0.286405903450317
2026-08-14,6,62792.75,62997.65,0.0032578031586153406,49.0,1.011,0.3343116372089874,0.33880000000000005,-0.004488362791012668,0.00025903294538191557,0.9050445103857568,0.9077287522328319,0.013376596312960962,0.014624533015737351,0.09977115374494992,0.09680967603095376
2026-08-14,3,62741.69,62997.65,0.004071285145164392,49.0,0.9989999999999999,0.42011222160099304,0.35200000000000004,0.068112221600993,0.00011914523535569759,0.925925925925926,0.9646568323541866,0.008790071352633901,0.002420415041740965,0.0769610411361282,0.03598285502959339
2026-08-14,1,62620.01,62997.65,0.006012548516873966,49.0,1.0054999999999998,0.4043357589013795,0.3494,0.05493575890137953,1.2238768746468926e-05,0.9870711089010444,0.996134554563253,0.00024084343668252792,2.9883316794263705e-05,0.013013196651361077,0.0038729355790138105
2026-08-15,24,62990.95,63099.01,0.0017140147630359413,49.0,1.0169999999999997,0.20230239040926615,0.3492,-0.14689760959073386,0.0002402171567217406,0.8603736479842677,0.6148532039358255,0.027111861384970667,0.21907226740723984,0.1503885096909452,0.486371732454552
2026-08-15,12,63051.25,63099.01,0.000757192292459707,50.0,1.0084999999999997,0.20369038259104413,0.3471,-0.1434096174089559,0.00024275346956765216,0.9593455627169066,0.7823980118918012,0.0022328797192136276,0.07127828439522797,0.04150393249032924,0.24539170130284427
2026-08-15,6,63030.38,63099.01,0.0010882476601705245,49.0,1.0054999999999998,0.2690418974646478,0.3481,-0.07905810253535223,9.807973629880298e-05,0.9721531576330186,0.9179866746966799,0.0010049155304700235,0.010148530188052824,0.028241917353185722,0.08557240404795732
2026-08-15,3,63050.13,63099.01,0.0007749557776814473,50.0,1.0034999999999998,0.3450511047420214,0.35009999999999997,-0.005048895257978581,0.0001118071686568244,0.9830592924763331,0.984778003514111,0.00039423552196112053,0.0003632458808869404,0.01708584277372257,0.01533904035432759
2026-08-15,1,63040.0,63099.01,0.0009356344925306785,49.0,1.0034999999999998,0.5298766334742623,0.3492,0.18067663347426227,9.558066624365798e-06,0.9930244145490784,0.9999705272519747,5.511353014821551e-05,1.5266776512286354e-09,0.007000028583543232,2.947318235531076e-05
2026-08-16,24,63100.55,63147.72,0.0007472577991753498,36.0,1.0144999999999997,0.16016513848878233,0.3489,-0.18873486151121766,0.00018832527544405007,0.9314933464760968,0.6135673483442863,0.0064224000878343075,0.22124120852746032,0.07096623177212644,0.48846524360395216
2026-08-16,12,63130.0,63147.72,0.0002806512521180505,49.0,1.0074999999999998,0.1848685346329515,0.35159999999999997,-0.16673146536704847,0.00012263357863385367,0.9687344913151366,0.7714626544133985,0.0013083018798219258,0.08013086401362977,0.03176470740774548,0.2594670148140668
2026-08-16,6,62992.69,63147.72,0.002458055718355232,49.0,1.0024999999999997,0.2413639282741637,0.3531,-0.11173607172583633,9.454119621924496e-06,0.9865336658354117,0.9141664033028323,0.00022437671407515535,0.01105129364552579,0.013557827558011918,0.08974266359260874
2026-08-16,3,63021.98,63147.72,0.0019931891988068883,49.0,1.0054999999999998,0.3288480388394985,0.3529,-0.02405196116050151,2.5299241436879122e-05,0.9890601690701146,0.9846873278176566,0.00015380350884653985,0.0003559193249969583,0.011000110918679591,0.015431121890444039
2026-08-16,1,63102.85,63147.72,0.0007108087019204999,49.0,1.0044999999999997,0.5010210018607781,0.3539,0.14712100186077814,9.960044939418517e-06,0.9935291189646593,0.9999047225592758,4.806642879565202e-05,1.7860818720208416e-08,0.006491907943524821,9.528197990791857e-05
2026-08-17,24,63146.39,64172.0,0.016111296805355647,39.0,0.9974999999999998,0.22039718491486673,0.3517,-0.13130281508513328,0.0003805657204814067,0.10526315789473685,0.22210107335848228,1.4723957764084397,1.0000580010565119,2.251291798606495,1.5046227153222387
2026-08-17,12,63429.21,64172.0,0.011642497595028065,50.0,1.0064999999999997,0.24131361639215296,0.34869999999999995,-0.107386383607847,0.00033299026565130187,0.14555389965226034,0.2407590721213151,1.4186150676341487,1.0949036031228958,1.927208816622724,1.4239585462669835
2026-08-17,6,63323.96,64172.0,0.0133032059495337,50.0,1.0164999999999997,0.259272263898767,0.3395,-0.08022773610123302,0.0006538349380962852,0.0457452041318249,0.11514160066331613,1.7752804258509798,1.550514757241992,3.08466832047509,2.161592597943696
2026-08-17,3,63554.69,64172.0,0.009666183419107565,49.0,1.0119999999999996,0.32988906161356113,0.34509999999999996,-0.015210938386438833,7.067252862466221e-05,0.12104743083003958,0.13642880656371725,1.5287283819462898,1.4914182698099614,2.1115728198626287,1.9919523640545187
2026-08-17,1,63902.63,64172.0,0.0042064598928420755,50.0,0.9974999999999999,0.1737260243746544,0.34340000000000004,-0.16967397562534564,1.2437109709017766e-05,0.20350877192982458,0.3384069174559372,1.2616327786885764,0.87541081374031,1.592046169722231,1.0835062098043358
2026-08-18,24,64200.0,64884.34,0.010603089599054146,49.0,1.0199999999999998,0.24487510886741462,0.3425,-0.0976248911325854,0.00042281424814361447,0.573529411764706,0.5051556290312218,0.33227893118031526,0.4156083058976806,0.5559460590464601,0.6828887208838901
2026-08-18,12,64185.01,64884.34,0.0108366059584503,49.0,1.0239999999999998,0.23833023874394457,0.3461,-0.10776976125605545,0.0004201862659720088,0.6152343750000001,0.572143669360694,0.27878189086914057,0.3512642479366252,0.48575198621387455,0.5583651489292922
2026-08-18,6,64171.95,64884.34,0.011040100962462059,49.0,1.0229999999999997,0.21071822080149186,0.342,-0.13128177919850817,0.00012564956776064975,0.6793743890518086,0.6152789689557165,0.1976591188586269,0.2953311002105923,0.3865829203868341,0.4856795059665778
2026-08-18,3,64230.02,64884.34,0.010135597644342423,49.0,1.0024999999999997,0.23541767312360876,0.3436,-0.10818232687639126,0.00011977537436938007,0.7880299251870326,0.7126039815389933,0.08477409966355925,0.16518752352241034,0.2382192137196568,0.3388294384852958
2026-08-18,1,64714.16,64884.34,0.0026262664739922993,48.0,1.0064999999999997,0.4419539952604317,0.3479,0.09405399526043173,3.2887051177481976e-05,0.9870839542970694,0.9985752330801887,0.0002112448913162216,4.059751902318111e-06,0.013000183087974272,0.0014257828653042135
2026-08-19,24,64855.06,68616.68,0.05638071993112791,48.0,1.012,0.24001728147227655,0.349,-0.10898271852772343,0.00028647615056802606,0.002964426877470356,0.004629211493661356,1.6051282827414894,1.4258114571096188,5.821071561179301,5.3753687291321715
2026-08-19,12,64330.71,68616.68,0.06449853166074421,48.0,1.0194999999999999,0.20074845253542306,0.3464,-0.14565154746457692,0.0008347375656134039,0.0004904364884747426,7.354342043464079e-06,1.6010146431010215,1.5174721739289494,7.620214770574455,9.210340371976182
2026-08-19,6,64427.06,68616.68,0.06300192267188016,52.0,0.7699999999999998,0.3023114865357305,0.3472,-0.04488851346426953,0.0005810244844933858,0.0006493506493506496,1.3867611503570743e-09,1.6518181818181823,1.636064947839542,7.3395376954076745,9.210340371976182
2026-08-19,3,64882.15,68616.68,0.055963106504822245,49.0,1.0119999999999998,0.4367813825865661,0.3482,0.08858138258656612,0.0002084719185458135,0.0004940711462450594,1.5842882561400984e-13,1.8729041033292195,1.9588898213416264,7.612831030407356,9.210340371976182
2026-08-19,1,65923.21,68616.68,0.04004507406005075,49.0,1.0044999999999997,0.5649419037244876,0.39020000000000005,0.17474190372448756,1.226103158408388e-05,0.0004977600796416128,4.96269692007445e-14,1.5065961262918164,1.524539723839927,7.605392364814934,9.210340371976182
2026-08-20,24,68554.0,72354.0,0.05394898247537522,49.0,0.9910000000000001,0.41246932124301044,0.3858,0.02666932124301047,0.0011413711697901767,0.02472250252270434,0.007368189355109411,1.291645495636307,1.360609831968675,3.7000414167793068,4.91058328069739
2026-08-20,12,69195.64,72354.0,0.04463288349118092,49.0,1.006,0.408665698068713,0.3713,0.03736569806871298,0.0012562121315352441,0.030318091451292245,0.0018790034718970672,1.4074193012896776,1.5329240904973795,3.4960106670463187,6.277013710815918
2026-08-20,6,71789.97,72354.0,0.007825965646705476,49.0,0.9904999999999999,0.7670651387807992,0.37939999999999996,0.3876651387807992,0.000339161985296447,0.4411913175164059,0.38240216675314265,0.5214708840496579,0.7560299455170769,0.8182766710430154,0.961282431625487
2026-08-20,3,71952.04,72354.0,0.005570952395140592,48.0,1.0255,0.8235809691548346,0.40009999999999996,0.42348096915483463,0.00015939984183308814,0.4680643588493417,0.4626752315724285,0.5192691201281034,0.5773249208687239,0.7591494736104988,0.7707299147106889
2026-08-20,1,71826.85,72354.0,0.007312376767482729,49.0,1.0025,0.348957984752386,0.3932,-0.04424201524761401,0.0002615655383278121,0.25037406483790525,0.2825685269626258,1.099599131846195,1.0294158363802306,1.3847992200489403,1.2638341844927627
2026-08-21,24,72470.83,77283.14,0.06429168447816058,48.0,1.0285,0.5011448721089847,0.39149999999999996,0.10964487210898477,0.0006449901031432713,0.5755955274671852,0.6208939378135867,0.28210393668630707,0.2565761224208958,0.5523500742090062,0.47659500420608414
2026-08-21,12,74510.77,77283.14,0.03653214185323604,49.0,1.0050000000000001,0.5330853343632154,0.4073,0.12578533436321537,0.00013610545608324997,0.9517412935323382,0.9882830897164284,0.0035667433974406718,0.0002741567429889488,0.04946203161286871,0.011786094222527159
2026-08-21,6,77910.71,77283.14,-0.008087606831630931,47.0,1.0035,1.2875383630740989,0.4436,0.8439383630740989,3.214405796277225e-05,0.987045341305431,0.999999999994397,0.00021201330966927196,6.278588023430093e-23,0.013039302097787225,5.602962538391474e-12
2026-08-21,3,77223.66,77283.14,0.0007699337885231202,49.0,1.0050000000000001,1.5797259436629572,0.43700000000000006,1.142725943662957,2.3651178860361303e-05,0.9885572139303482,1.0,0.00016237221850944343,5.8966498379066426e-36,0.011508758501304613,-0.0
2026-08-21,1,77384.68,77283.14,-0.0013130076390527375,48.0,1.0055,2.598287663256777,0.4243,2.173987663256777,1.1415718180689618e-05,0.9930382894082546,1.0,5.687268012010576e-05,8.01877473617164e-114,0.006986056356836871,-0.0
2026-08-24,24,77156.13,79131.2,0.025276203165901373,52.0,1.0165,0.5179782281267128,0.4192,0.09877822812671277,0.00010496840282958944,0.9316281357599606,0.9707881361817214,0.007369306588849167,0.0016589238079903312,0.0708215398823231,0.029647025865960828
2026-08-24,12,76933.02,79131.2,0.028172061257357797,53.0,1.002,0.527617899237417,0.42840000000000006,0.09921789923741692,6.071429445056281e-05,0.9720558882235528,0.9927281569191568,0.0011673260265895394,0.00010553986927075516,0.028341978002275083,0.007298411812527879
2026-08-24,6,77554.08,79131.2,0.0201317349674093,49.0,1.0125,0.8946980381936467,0.4364,0.4582980381936467,9.372596235281366e-05,0.9713580246913581,0.9999794876442036,0.0011173906416704713,8.415118397313481e-10,0.029060161151580343,2.051256617761201e-05
2026-08-24,3,79159.99,79131.2,-0.0003637599833252832,49.0,1.005,1.5577729719991873,0.43450000000000005,1.1232729719991872,9.783670935345833e-06,0.9880597014925374,1.0,0.0002004900868790353,7.125606061009933e-34,0.012012156448003434,-0.0
2026-08-24,1,79510.92,79131.2,-0.004787136293434278,49.0,1.0045,2.4181272421396853,0.441,1.9771272421396853,1.1922924885560735e-05,0.9950223992035839,1.0,2.725416065733015e-05,8.602429730545691e-105,0.004990030314534293,-0.0
2026-08-25,24,79100.01,79473.15,0.00470622756978266,49.0,1.007,0.5754591320345909,0.4396,0.13585913203459088,8.546636093629954e-05,0.9811320754716982,0.9980429735318304,0.0004363694456579471,7.571197967382371e-06,0.019048194970694363,0.0019589439465806206
2026-08-25,12,80488.01,79473.15,-0.012689000466231755,52.0,1.006,0.912072946209173,0.4451,0.466972946209173,1.534879962561853e-05,0.9910536779324055,0.9999998241129441,9.634044638728371e-05,6.187002716822564e-14,0.008986580697846245,1.7588707138799558e-07
2026-08-25,6,79187.2,79473.15,0.0036045591681683514,48.0,1.004,0.9763605761572194,0.43270000000000003,0.5436605761572193,3.1160205344287384e-05,0.9925298804780877,0.9999999988637365,6.398707957016545e-05,2.5821895556653544e-18,0.007498160598825089,1.136263528357892e-09
2026-08-25,3,78980.0,79473.15,0.006224572907129781,49.0,1.004,1.2903829896056342,0.4292,0.8611829896056342,1.197817851140417e-05,0.9945219123505976,0.9999999999999999,3.3233599466675076e-05,2.7778226632814753e-32,0.005493147395804593,1.1102230246251565e-16
2026-08-25,1,79235.99,79473.15,0.0029886139704665064,49.0,1.0025,2.3010021242315033,0.4343,1.8667021242315034,1.2038638175769836e-05,0.9950124688279303,1.0,2.7363013911604147e-05,4.159333032328424e-98,0.0050000104167056405,-0.0
2026-08-26,24,79502.01,78028.02,-0.018714311408645767,49.0,1.0255,0.46964869295034023,0.43060000000000004,0.03904869295034019,0.0002753125129277953,0.7718186250609458,0.7981376881178438,0.08361334959032249,0.07309943873525458,0.2590056981913686,0.22547415491484368
2026-08-26,12,79088.62,78028.02,-0.013501002951781936,49.0,0.9864999999999999,0.38967741653842913,0.4274,-0.03772258346157087,0.00093769757324828,0.8155093765838825,0.8073780601771499,0.05676172166107631,0.07195569616887942,0.20394235903023208,0.2139632443568879
2026-08-26,6,78444.49,78028.02,-0.005323247942499956,48.0,1.0135,0.38262359077080765,0.41100000000000003,-0.02837640922919238,0.001029092604965827,0.6975826344351257,0.6994801176942487,0.16427367197982642,0.17963649683470023,0.36013429999548213,0.35741790887705865
2026-08-26,3,78319.59,78028.02,-0.0037297703240486754,48.0,1.0035,0.4887394810771655,0.4122,0.07653948107716552,0.0010600289445728587,0.6576980568011958,0.702713796727894,0.21411358203437947,0.17673369528539468,0.4190093332159217,0.35280558709613224
2026-08-26,1,77790.48,78028.02,0.003048934292324884,49.0,1.009,0.6079428605089229,0.40509999999999996,0.20284286050892292,0.00010629479628202968,0.3325074331020813,0.26644125031849564,0.8760525930647955,1.076216823157424,1.1010930639418723,1.3226015087650296
2026-08-27,24,78011.65,80311.06,0.029049170456696277,49.0,1.0114999999999998,0.37759549309936724,0.40020000000000006,-0.022604506900632815,0.0007353535099269796,0.09293129016312408,0.10435349938301597,1.1460497897510318,1.1162607911366544,2.375894874337796,2.259971110965959
2026-08-27,12,78830.68,80311.06,0.018605083775539877,47.0,1.0345,0.3584733508587713,0.4004,-0.04192664914122868,0.0010320368266126443,0.12711454809086517,0.15459107054917154,1.211179974775513,1.1312557710082554,2.0626666455677785,1.8669719029110525
2026-08-27,6,79986.0,80311.06,0.004055725608110768,48.0,1.0030000000000001,0.5757181976332814,0.4232,0.15251819763328134,0.0004977176427896379,0.4466600199401794,0.47928794357389515,0.5117305113572543,0.518181707206349,0.8059575555469505,0.7354537273705729
2026-08-27,3,79282.31,80311.06,0.012892318135338084,48.0,1.007,0.5556775390362733,0.4113,0.14437753903627326,0.0007576258883422314,0.16782522343594838,0.1174592808629612,1.2512496930621697,1.5296153183383898,1.7848321777954888,2.1416635513059505
2026-08-27,1,80204.05,80311.06,0.001333332617138887,48.0,1.011,0.44703910192185287,0.41979999999999995,0.027239101921852915,0.0007933388928113787,0.6864490603363007,0.7142000643964241,0.1780738288323985,0.1633629824378015,0.3762232585136669,0.33659215365597933
2026-08-28,24,80302.32,78392.01,-0.024076503294102856,48.0,1.0115,0.45712289305831794,0.4177,0.03942289305831792,0.001067597099436375,0.32624814631735044,0.34232855103012494,0.6158558680952536,0.6203558821693872,1.1200970021472743,1.0719843275462624
2026-08-28,12,79810.49,78392.01,-0.017932940553030227,48.0,1.052,0.5603088388997667,0.40659999999999996,0.15370883889976672,0.0014592457017968997,0.4230038022813688,0.5009734816126494,0.4621014291084156,0.4135291495728085,0.860374111131415,0.6912021102110378
2026-08-28,6,79285.19,78392.01,-0.011329343159098873,49.0,1.0265,0.5555737251222976,0.396,0.15957372512229762,0.001595513889450363,0.5893813930832927,0.7501692808211032,0.2357074780850093,0.10235543309324649,0.5286817784281468,0.2874563901584746
2026-08-28,3,79421.05,78392.01,-0.013041437569335408,49.0,1.0305,0.7010705431016907,0.397,0.3040705431016907,0.0015945819520176495,0.6210577389616692,0.8324044085235723,0.21196919477526885,0.053905276612222525,0.47633122397679606,0.1834368883166963
2026-08-28,1,79542.44,78392.01,-0.01456870680072558,48.0,1.0194999999999999,0.5508560692108425,0.38439999999999996,0.16645606921084255,0.000828036167481868,0.8190289357528201,0.9190404352625684,0.054680180809669965,0.013108749960016694,0.19963586516365428,0.0844251583968146
2026-08-29,24,78331.13,77874.88,-0.005841661245433918,48.0,1.018,0.30503184163026476,0.3924,-0.08736815836973527,0.0014668124172487528,0.3339882121807466,0.35025773872650434,0.7133666691112046,0.6289405314603498,1.0966495795002609,1.0490859991439998
2026-08-29,12,77507.17,77874.88,0.0047329879664705365,47.0,1.021,0.16406338545111276,0.3795,-0.21543661454888724,0.0011193436796636262,0.832517140058766,0.5945193530497599,0.04461739321457999,0.268239510425663,0.18330146868030334,0.5200020098912298
2026-08-29,6,77650.03,77874.88,0.0028915002318274496,48.0,1.0104999999999997,0.1721641026856041,0.3747,-0.2025358973143959,0.0006809488736037735,0.8263236021771402,0.6640563625149662,0.05097931393794152,0.2156920925968365,0.19076881199282003,0.40938824980241506
2026-08-29,3,77583.74,77874.88,0.0037455670245040338,48.0,1.015,0.19514316413351218,0.3726,-0.1774568358664878,0.0003717631929274114,0.9211822660098523,0.7807460299147927,0.009884248586473812,0.09553033489268248,0.08209736218720061,0.2475053677953195
2026-08-29,1,78014.37,77874.88,-0.0017896043149674024,46.0,0.9874999999999998,0.09982269037079632,0.3741,-0.27427730962920366,0.00015625701073686979,0.4253164556962026,0.4824165912187048,0.6462097740746674,0.5357851698958643,0.8549217854978628,0.7289472410869893
2026-08-30,24,77865.36,78815.16,0.012124182823618197,48.0,1.0270000000000001,0.2135539220370372,0.3754,-0.1618460779629628,0.0013384750369836475,0.39435248296007785,0.37822768742173885,0.6700825520109903,0.5875824027314792,0.9305101428220192,0.9722589170245377
2026-08-30,12,78144.68,78815.16,0.008543383812783167,50.0,1.026,0.17041022044605283,0.3696,-0.19918977955394715,0.0011484303876900454,0.594541910331384,0.508653771516725,0.29834108500621276,0.4264365491093432,0.5199640685633579,0.6759877070117347
2026-08-30,6,78000.01,78815.16,0.010396409252151543,49.0,1.029,0.42871261773132957,0.3663,0.062412617731329556,0.002520778519379416,0.5150631681243927,0.4940177645792726,0.43957544144966054,0.5045382810705227,0.663465729287882,0.7051838017539979
2026-08-30,3,78785.06,78815.16,0.00038197916685645266,48.0,1.014,0.34909922873394245,0.3696,-0.020500771266057538,0.0002705272352722353,0.9220907297830375,0.9154389168295127,0.008710401518776568,0.012497358499477062,0.08111165486244143,0.08835163819727804
2026-08-30,1,78783.71,78815.16,0.0003991145420964302,47.0,0.9994999999999998,0.426023682751548,0.3676,0.05842368275154802,0.00010317099334688175,0.979989994997499,0.9944648212921531,0.0005035033775016494,6.075438727515146e-05,0.02021291655585911,0.005550554574539924
2026-08-31,24,78823.63,78574.01,-0.0031718418303707816,49.0,1.0275,0.2821252354281849,0.36700000000000005,-0.08487476457181514,0.0016337938830241236,0.5888077858880778,0.4869673891747127,0.2323528750125799,0.3744598864356158,0.5296554883395483,0.719558120821909
2026-08-31,12,77756.71,78574.01,0.010456133590636634,49.0,1.017,0.39958130846911255,0.365,0.03458130846911256,0.0007340249716177063,0.3736479842674533,0.38860134664961976,0.6619929246081124,0.6765672173108035,0.9844411433281284,0.9452012766572059
2026-08-31,6,78511.03,78574.01,0.0008018587049990661,53.0,1.002,0.6967162467868928,0.36920000000000003,0.3275162467868928,0.037758060730495376,0.4291417165668663,0.7232600849326044,0.5531068601320313,0.1401000392391773,0.845968072957202,0.323986391313527
2026-08-31,3,77930.39,78574.01,0.008224990842801745,48.0,0.9989999999999999,0.6674158400945187,0.3729,0.2945158400945187,0.0013007817933636066,0.42042042042042044,0.4470915519728158,0.6129182235288341,0.6111801692580607,0.8665000673711395,0.8049918910832861
2026-08-31,1,78600.14,78574.01,-0.000332497427099021,49.0,1.0164999999999997,0.5201403599324586,0.3712,0.14894035993245858,0.0003279359844458953,0.9050664043285788,0.973229079198312,0.014589572109383506,0.0014331378214823306,0.09974696302531498,0.02713578853734233
2026-09-01,24,78580.42,77916.01,-0.00849110732981268,49.0,1.037,0.33735638970838716,0.369,-0.031643610291612834,0.0008190000447700158,0.28929604628736744,0.3113310725364454,0.7761703192113589,0.7243538688258828,1.2403047335733262,1.1668983911080097
2026-09-01,12,78679.01,77916.01,-0.009744959170894326,49.0,1.017,0.3476433294316298,0.374,-0.02635667056837021,0.0013357870474229544,0.22123893805309738,0.26159398797307076,1.0242683621308941,0.940868927337258,1.5085119938441396,1.3409616414174947
2026-09-01,6,77915.0,77916.01,1.2962760108059535e-05,48.0,1.0224999999999997,0.4821599122813292,0.3729,0.1092599122813292,0.0005071074948571337,0.5183374083129586,0.5409493122435348,0.41387844405521246,0.41347714184554074,0.657128881370789,0.6144296972357483
2026-09-01,3,78004.0,77916.01,-0.001128655768308479,48.0,1.0339999999999998,0.6597104806107581,0.3818,0.2779104806107581,0.0009639942859597575,0.4593810444874275,0.49839732337944803,0.5408897298429791,0.5029210327638947,0.7778752510337331,0.6963576819497831
2026-09-01,1,78167.99,77916.01,-0.003228777054760582,49.0,1.0109999999999997,0.3051533326771534,0.38,-0.07484666732284662,0.0001702342487785385,0.2472799208704254,0.2987964403953765,1.1096455312042317,0.983372855984328,1.3972343011582247,1.2079927387951832
2026-09-02,24,77919.06,77292.0,-0.008080138253728423,49.0,1.0094999999999998,0.32796114370294277,0.3801,-0.05213885629705722,0.0010169674454766704,0.4358593363051016,0.41792466218749286,0.4984136586529015,0.5042891918087005,0.8304357108405852,0.8724540967026935
2026-09-02,12,77563.5,77292.0,-0.00350649835732447,49.0,1.0324999999999998,0.2517184514605458,0.374,-0.12228154853945422,0.01729289538455552,0.6731234866828089,0.5883813115345805,0.14864459544231357,0.28194433255564405,0.3958264792703955,0.5303800522572554
2026-09-02,6,76752.26,77292.0,0.007007625064908382,48.0,1.0219999999999998,0.39027010005947416,0.3709,0.01937010005947415,0.0006820089825994132,0.7632093933463798,0.7958710470301978,0.08239235833196096,0.06835530238996598,0.2702228510800121,0.2283181074797132
2026-09-02,3,76613.88,77292.0,0.008812195976748238,48.0,1.0234999999999999,0.45570056959303906,0.374,0.08170056959303906,0.0014442379419423179,0.7962872496336102,0.8720105443344299,0.06335388043889933,0.031593802668524386,0.22779529186048147,0.13695376301962678
2026-09-02,1,77066.42,77292.0,0.0029228099198051077,48.0,0.9914999999999998,0.5646688297989207,0.3697,0.19496882979892077,6.670233320843496e-05,0.9631870902672719,0.9986460258827038,0.0017821680959868354,3.1838094539901017e-06,0.03750760747912033,0.0013548915684816422
2026-09-03,24,77288.98,81277.91,0.05032288593526819,49.0,1.0214999999999999,0.304905199045713,0.3689,-0.063994800954287,0.0009801983017029196,0.02447381302006853,0.03526293626159005,1.3461804679565554,1.2825736492083393,3.7101515893894756,3.3449228309024055
2026-09-03,12,77708.0,81277.91,0.04491605774036061,48.0,1.009,0.33575775244276773,0.3675,-0.03174224755723226,0.0010813507826736948,0.023785926660059468,0.015982690101939534,1.4073497098953818,1.4228114042929947,3.738661190005663,4.1362490110134305
2026-09-03,6,77615.24,81277.91,0.04611047025748001,48.0,1.0114999999999998,0.37378535055409334,0.3725,0.0012853505540933452,0.0009427251288468823,0.016806722689075633,0.000938135408630414,1.4918511267727117,1.5528330739923115,4.085976312551584,6.971616260495751
2026-09-03,3,78652.38,81277.91,0.03283638022200968,48.0,1.0074999999999998,0.4998213216225991,0.3762,0.12362132162259915,0.0033371044494682513,0.07047146401985112,0.007268174372847325,1.476513740002094,1.7669397502134159,2.6525474167795227,4.924250136874796
2026-09-03,1,80549.97,81277.91,0.008996532733459375,48.0,1.0159999999999998,0.7658646421459555,0.39549999999999996,0.37036464214595555,7.623083982710793e-05,0.7790354330708663,0.9472855800927011,0.08780864436728869,0.005556356919399185,0.24969874881736015,0.0541546683291405
2026-09-04,24,81348.0,79390.31,-0.024359927733529494,48.0,1.0419999999999998,0.5167090142645727,0.3926,0.12410901426457271,0.0010478121910395164,0.22552783109404992,0.19009699914566072,0.7915628994882865,0.9388109915047606,1.4893117081691531,1.660220815274312
2026-09-04,12,80850.0,79390.31,-0.018219265519816445,47.0,0.9854999999999999,0.47772719676349845,0.38539999999999996,0.09232719676349849,0.0014272416546227684,0.22831050228310504,0.22547507755754592,0.8875575602708066,0.9952473155365055,1.4770487243883548,1.4895456469563877
2026-09-04,6,81056.63,79390.31,-0.020771725690024154,48.0,1.0250000000000001,0.4651187937113982,0.3778,0.08731879371139817,0.0015263600119256899,0.1219512195121951,0.0930107986788943,1.2480632956573467,1.4563292576863969,2.1041341542702074,2.3750396777428655
2026-09-04,3,79453.96,79390.31,-0.000801413905665991,47.0,1.0735,0.8117396882596767,0.38420000000000004,0.42753968825967664,0.0013409323282179606,0.5542617605961807,0.8284455853189993,0.2985346479495332,0.05727813589092075,0.590118211773206,0.18820412282525723
2026-09-04,1,78915.71,79390.31,0.005995999670779513,47.0,1.025,0.7142574523629625,0.3763,0.33795745236296243,0.0004983849113583506,0.8926829268292684,0.9977982901996117,0.015590719809637095,8.424010619232689e-06,0.1135238262969871,0.0022041371269110087
2026-09-05,24,79429.33,79806.0,0.004730994089837288,47.0,1.028,0.27456449249199505,0.37450000000000006,-0.099935507508005,0.0007693520309198583,0.5787937743190661,0.4664891920372198,0.2651743402625325,0.4068110670628848,0.5468090404694808,0.7625204271577238
2026-09-05,12,79582.0,79806.0,0.0028107529735343995,48.0,1.0179999999999998,0.14845907403660194,0.3782,-0.22974092596339804,0.0007333199677786125,0.8153241650294697,0.5717657297755822,0.058167619393162714,0.30203588009274124,0.20416949631982426,0.5590259348257087
2026-09-05,6,79631.28,79806.0,0.0021917091152112993,47.0,1.0195,0.13465650779993352,0.373,-0.23834349220006648,0.000540706717709577,0.8925944090240313,0.6665195024351173,0.018459557991408842,0.21071103422438067,0.11362299050361423,0.4056858788235496
2026-09-05,3,79704.14,79806.0,0.0012771603591551185,36.0,1.0125,0.15605953904078473,0.3753,-0.2192404609592153,0.00014424630392155348,0.8938271604938273,0.703407316587811,0.019947203170248413,0.1753656818306555,0.11224285528076797,0.3518191572508154
2026-09-05,1,79719.76,79806.0,0.0010812047960309353,47.0,1.0054999999999998,0.1858830351554391,0.37920000000000004,-0.19331696484456093,7.603630129395538e-05,0.9562406762804576,0.8073468232362104,0.003046397474259538,0.07423047874972756,0.04474564418387218,0.21400193446597607
2026-09-06,24,79806.01,79714.27,-0.0011501987097063686,47.0,1.0369999999999997,0.1795562722643164,0.3833,-0.20374372773568358,0.001550751590505145,0.5834136933461911,0.4230769299638052,0.30489673777094173,0.48479151337703463,0.5388587501986856,0.8602012489450266
2026-09-06,12,80028.01,79714.27,-0.003928082201065172,48.0,1.037,0.3133325610345495,0.3883,-0.0749674389654505,0.0007491220804866441,0.4532304725168756,0.455515345520306,0.5508411531297629,0.5136052672072453,0.7913545135254231,0.7863258734526595
2026-09-06,6,79885.77,79714.27,-0.0021491230955749297,48.0,1.0134999999999996,0.20496371314227124,0.3868,-0.18183628685772874,0.0005492245312232746,0.5920078934385794,0.5488576482991738,0.3109141537443817,0.39461984957116675,0.524235310675908,0.5999161638103051
2026-09-06,3,79922.04,79714.27,-0.0026030433466910263,47.0,1.0229999999999997,0.24643395387620423,0.3873,-0.14086604612379575,0.0005002227605199469,0.5718475073313785,0.5551717894180885,0.3440664329416576,0.3952868659550688,0.5588829187197697,0.5884776826473371
2026-09-06,1,79543.06,79714.27,0.0021501059443608784,48.0,1.0099999999999998,0.29646110271950327,0.3876,-0.09113889728049673,0.00010489167076730632,0.9589108910891091,0.9170119320639039,0.0025757278698166695,0.013773850956278873,0.04195712698825437,0.08663479474500248
2026-09-07,24,79716.5,78861.41,-0.010784582641376167,48.0,1.0435,0.3179037756719609,0.3886,-0.07069622432803913,0.0003798648304094676,0.48873981792045995,0.4286993209946893,0.39684459137256234,0.47003139762303914,0.7159250007988841,0.8469994892500237
2026-09-07,12,79596.39,78861.41,-0.009276731986517338,48.0,1.0414999999999999,0.346166776002961,0.3892,-0.043033223997039016,0.001131928030463255,0.5904944791166588,0.5590813775882901,0.2653955885942231,0.3174420673155452,0.5267949928945087,0.581460239341333
2026-09-07,6,79313.85,78861.41,-0.005720758529738058,48.0,1.0089999999999997,0.30784779328419876,0.3822,-0.07435220671580123,0.0009773556858408013,0.8275520317145691,0.7588381705097293,0.04517813415631951,0.0976202935052585,0.18928329550275316,0.27596673840453956
2026-09-07,3,79606.84,78861.41,-0.009408010730233798,48.0,1.0259999999999998,0.33866010465294133,0.3848,-0.046139895347058646,0.0006363201701529473,0.7699805068226123,0.7544790011643334,0.09304049869095513,0.11952216454561432,0.2613900802696474,0.28172783262033835
2026-09-07,1,79191.95,78861.41,-0.004182644163796186,48.0,1.0159999999999998,0.4460358639200741,0.3876,0.058435863920074105,0.00014448776819641837,0.9768700787401577,0.9928002200308472,0.0006921732593465068,0.00010189001481589191,0.023401615577081453,0.007225823465205712
2026-09-08,24,78821.99,78820.01,-2.5120209082821538e-05,48.0,1.0005,0.3091666533651096,0.3882,-0.07903334663489037,0.0006397047957664311,0.5547226386806597,0.4639094686441053,0.2789564737870944,0.4035757046483476,0.5892870402773535,0.7680658564732544
2026-09-08,12,78906.28,78820.01,-0.0010939204694792324,47.0,0.9999999999999999,0.3235151747453964,0.3892,-0.06568482525460356,0.000858732999810526,0.6950000000000001,0.618803468695603,0.12955099999999997,0.21582824538193118,0.3638434334173448,0.47996755477921643
2026-09-08,6,78761.99,78820.01,0.000736378553664536,48.0,1.014,0.3626587272961516,0.3947,-0.03204127270384838,0.0008664320301152615,0.7840236686390533,0.7604674441143955,0.0670888624347887,0.09198341443174994,0.24331606949679657,0.2738219767271803
2026-09-08,3,78449.99,78820.01,0.00470554692889439,48.0,1.0130000000000001,0.4763425659340873,0.3933,0.08304256593408732,0.000911547266260066,0.715695952615992,0.7807244161056035,0.13770441321068955,0.09462757009942563,0.33449984939400884,0.24753305171241916
2026-09-08,1,78567.52,78820.01,0.003208516158890279,46.0,1.0134999999999998,0.4025175745192175,0.39899999999999997,0.0035175745192175256,0.0004204344540888744,0.9422792303897386,0.9552748671680428,0.004676385324999524,0.00399967764376287,0.05945362541132441,0.04575616088922766
2026-09-09,24,78904.0,78606.0,-0.003783891252103817,48.0,1.0414999999999999,0.3596848379910185,0.3987,-0.039015162008981474,0.00044080318116624035,0.49447911665866545,0.45503176079615004,0.3539154838946098,0.4132816571433352,0.7042503600372904,0.7873880585197863
2026-09-09,12,78638.01,78606.0,-0.00040713793094141615,47.0,1.0199999999999998,0.3512136483075037,0.4028,-0.05158635169249631,0.0007795286398648492,0.6323529411764708,0.5818732108546512,0.20181324490580535,0.2700189364489158,0.45830758948254396,0.5415027057488283
2026-09-09,6,78952.01,78606.0,-0.004392167129345345,46.0,1.0145,0.424873341083846,0.40490000000000004,0.019973341083845964,0.0006061574149279336,0.7343518974864466,0.7670509963845836,0.09832490494532092,0.08155157036765315,0.30876694088630985,0.265201991709624
2026-09-09,3,79606.14,78606.0,-0.012643193154337184,46.0,1.024,0.5830292026990075,0.4058,0.1772292026990075,0.00111437239614555,0.6396484375,0.7423216786109808,0.2173137664794922,0.13106721516797565,0.4468365699642012,0.29797260063604547
2026-09-09,1,78958.01,78606.0,-0.004468159773800619,46.0,1.0044999999999997,0.5936517574902634,0.4032,0.19045175749026344,4.9087754700442974e-05,0.9507217521154806,0.9965222678260268,0.0033160880567064677,1.8808553147861696e-05,0.05053384377425858,0.003483793541799743
2026-09-11,24,77250.0,77932.01,0.008789864122772004,46.0,0.9914999999999998,0.3803257260988465,0.39520000000000005,-0.014874273901153534,0.0012409380509245784,0.47907211296016144,0.46527295062789603,0.36677924740526446,0.4016840613716262,0.7359041439252093,0.765131055008748
2026-09-11,12,76891.8,77932.01,0.013437541064220095,46.0,1.0294999999999999,0.44466147284427726,0.3933,0.05136147284427728,0.00121320383849199,0.5585235551238465,0.6254281891028531,0.2684918271835633,0.20902864474173014,0.5824584856704936,0.4693187612567997
2026-09-11,6,77042.0,77932.01,0.011486052207746365,32.0,1.0279999999999998,0.5450911311175461,0.38689999999999997,0.15819113111754618,0.0013762564368004695,0.6225680933852141,0.7996554705912778,0.19507912686036116,0.06037964097450302,0.4739022696613927,0.2235743058365221
2026-09-11,3,78032.99,77932.01,-0.0012949060893165402,46.0,1.053,0.7922356130110451,0.381,0.41123561301104505,0.0026110569007216458,0.48433048433048437,0.47740042889145706,0.45067680727699727,0.5459111801777282,0.724987786415604,0.739399666687662
2026-09-11,1,78798.51,77932.01,-0.01105730815499459,46.0,1.0285,0.6533959276550911,0.3788,0.2745959276550911,0.00102907222534468,0.049100631988332526,0.005958767452163869,1.714009267712678,1.9760537720855136,3.013883372811698,5.1228916226198455
2026-09-12,24,77732.25,77380.38,-0.004536969085969661,46.0,1.032,0.30639903751858805,0.37310000000000004,-0.066700962481412,0.0014128382342477063,0.5087209302325582,0.44745760080759167,0.3664016022174148,0.45172881722347996,0.6758556834498842,0.8041734925546663
2026-09-12,12,77268.09,77380.38,0.001452196969472868,46.0,1.0105,0.16632353889388474,0.3677,-0.2013764611061153,0.000772237049148436,0.9203364670954973,0.644588522216382,0.008712085692999352,0.19511749030380038,0.08301595069637403,0.4391431158152058
2026-09-12,6,77349.44,77380.38,0.0003999229161175629,46.0,1.0104999999999997,0.18442850837429334,0.36939999999999995,-0.1849714916257066,0.0003218027809562141,0.9500247402276103,0.7734607867151917,0.003700873632401574,0.08923043396892391,0.05126725238179356,0.2568803061620588
2026-09-12,3,77340.0,77380.38,0.0005219739108297038,46.0,1.0114999999999996,0.21872875371039058,0.3669,-0.14817124628960943,0.00022648800253077304,0.9738012852199707,0.8901709033486703,0.000860103862428325,0.023061774613151058,0.026548015435710937,0.11634180845616793
2026-09-12,1,77461.24,77380.38,-0.0010444221308236053,47.0,1.0104999999999997,0.31546659982119946,0.36840000000000006,-0.052933400178800605,8.960818545834333e-05,0.9747649678377044,0.9610388857862752,0.0008730692890410075,0.0030358853298141334,0.02555889567158653,0.0397404069529876
2026-09-13,24,77380.37,77151.89,-0.0029570546174501823,45.0,1.0125,0.1806940885634243,0.368,-0.18730591143657568,0.00024055448084907996,0.7654320987654322,0.4865813354203286,0.09099344612101812,0.38010920623891503,0.2673147696273471,0.7203512064988069
2026-09-13,12,77192.01,77151.89,-0.0005198780243806846,47.0,1.0225,0.19304562608195744,0.3715,-0.17845437391804256,0.0003287459750007076,0.9046454767726162,0.6473193470544573,0.012931056127115443,0.18853475138693493,0.10021215040453155,0.4349155250244739
2026-09-13,6,76808.01,77151.89,0.004467144650711436,48.0,1.0165,0.2653719341121813,0.38549999999999995,-0.12012806588781866,0.00026021839888677045,0.9149040826364979,0.7887397162454892,0.010331255871818852,0.07057314256140895,0.08893604692109956,0.23731890325229432
2026-09-13,3,76763.33,77151.89,0.005049024072492224,47.0,1.0309999999999997,0.33540087264771457,0.3859,-0.050499127352285456,0.0007906523452546786,0.9262851600387976,0.9061201860955477,0.006919821141133075,0.015592645183986339,0.07657314353622936,0.09858332600255154
2026-09-13,1,77216.01,77151.89,-0.0008307427086539058,47.0,1.0159999999999998,0.47785945757785303,0.3795,0.09835945757785303,0.00028431682763227386,0.9655511811023624,0.9936290210047786,0.0014289091078182041,8.060166572625874e-05,0.03505616857306394,0.006391360293899986
2026-09-14,24,77134.83,78558.01,0.01828240323484975,47.0,1.0199999999999998,0.3047586928804729,0.3786,-0.07384130711952708,0.0005565963170767397,0.21568627450980396,0.25127262763678804,0.970770857362553,0.8432312727570834,1.533930359925955,1.3812167634181094
2026-09-14,12,77596.33,78558.01,0.012317200511793826,49.0,1.0315,0.32213709259342965,0.37770000000000004,-0.05556290740657038,0.0029642063791608404,0.27629665535627723,0.338366819890742,0.91244226637929,0.7767083234027263,1.2862801522426561,1.0836247060255377
2026-09-14,6,78141.57,78558.01,0.005315151200757271,49.0,1.0404999999999998,0.26482028169549937,0.3801,-0.11527971830450062,0.004302905942388056,0.5670350792888036,0.5614222223956201,0.3190676681381465,0.37475188947861177,0.5673341089339238,0.5772820319481787
2026-09-14,3,77698.01,78558.01,0.011007687048131381,49.0,1.0234999999999999,0.42213724820258514,0.379,0.04313724820258513,0.001566781155032532,0.2833414753297509,0.2888875208076095,0.962165849006577,1.0101680292843198,1.2611024821208243,1.2417178679859635
2026-09-14,1,78521.06,78558.01,0.00047046370571873726,49.0,1.0225,0.45197517373106133,0.3765,0.07547517373106133,0.0003633438790423928,0.9046454767726162,0.9508454947907619,0.014595799881636277,0.004832160073746482,0.10021215040453155,0.050403695681250305
2026-09-15,24,78578.02,76457.61,-0.02735554695613766,48.0,1.022,0.3351053269249636,0.3765,-0.041394673075036414,0.0008194089271181934,0.2886497064579256,0.31143319511828954,0.7795155311139279,0.7181192470855446,1.24254141442383,1.166570425654423
2026-09-15,12,77676.99,76457.61,-0.015822604914140323,49.0,1.051,0.3822224284583154,0.3875,-0.0052775715416846225,0.0010423282551199182,0.5470980019029495,0.5516481897536247,0.32549128599376614,0.3379240986891906,0.6031273300796007,0.5948447732937145
2026-09-15,6,76984.05,76457.61,-0.006861787933985149,49.0,1.0234999999999999,0.40370319873801447,0.39299999999999996,0.010703198738014508,0.0008940244402126426,0.7669760625305326,0.7932549156300249,0.07276295764721993,0.06410265025754353,0.2652996873189356,0.2316106517148052
2026-09-15,3,76957.65,76457.61,-0.006518800942691407,49.0,1.0094999999999998,0.6087553305813812,0.4042,0.2045553305813812,0.001381956305508938,0.7379891035165925,0.9168234652641829,0.09511718908114362,0.010445735429079754,0.3038262193733325,0.08684033860205649
2026-09-15,1,75942.01,76457.61,0.006766446887713963,37.0,1.01,0.4701083280219172,0.41009999999999996,0.060008328021917245,0.0005033741590019034,0.42574257425742573,0.4299904003748021,0.6308121752769337,0.6498218847918151,0.8539204011476971,0.8439923952534916
2026-09-16,24,76512.0,75780.01,-0.009613053724528725,48.0,1.035,0.5415451071989843,0.40840000000000004,0.13314510719898426,0.0007982773374813223,0.2753623188405797,0.3203335029359647,0.6886891175990106,0.684247287606554,1.289667525430819,1.1383926292233888
2026-09-16,12,75824.01,75780.01,-0.0005804595582019859,48.0,1.039,0.445139644744301,0.3846,0.06053964474430101,0.00044464208676901854,0.48123195380173245,0.5232497531079766,0.42609963122533057,0.39743478752878425,0.7314058926770356,0.6476963894994711
2026-09-16,6,75993.0,75780.01,-0.0028066932298374545,36.0,1.0294999999999999,0.5694183645157331,0.38630000000000003,0.1831183645157331,0.0003898389338417023,0.4565322972316659,0.5013016091273288,0.5062237571061174,0.48831230706976736,0.7840958317637398,0.6905473448089366
2026-09-16,3,75967.99,75780.01,-0.0024775298014364034,48.0,1.021,0.7294555578593659,0.386,0.3434555578593659,0.00033260840015571507,0.4946131243878551,0.5248153237026458,0.45508330927122026,0.4513832483448588,0.7039793888893057,0.6447088426500268
2026-09-16,1,75697.82,75780.01,0.0010851754090430352,49.0,1.0069999999999997,0.3833505423196229,0.3822,0.0011505423196229159,0.0003890337800598693,0.8242303872889774,0.8358778492286808,0.05473749296138544,0.05387215613849443,0.19330519192791845,0.17927278993585474
2026-09-17,24,75788.41,76764.23,0.012793397864749713,49.0,1.019,0.4454376592548976,0.38,0.06543765925489758,0.0005050722849172213,0.33366045142296374,0.36765004187826245,0.6232413389948197,0.6132740877666123,1.0976314156125175,1.0006237664319497
2026-09-17,12,76441.99,76764.23,0.00420662392411978,49.0,1.0414999999999999,0.3240983977100802,0.35509999999999997,-0.031001602289919772,0.0012071754321034086,0.628900624099856,0.6065226890159456,0.22098790727303694,0.26427844402758455,0.4637820250657747,0.5000131415435212
2026-09-17,6,76468.05,76764.23,0.0038657699128029103,49.0,1.0265,0.28865522922166825,0.3346,-0.045944770778331756,0.0023383781642269987,0.7647345348270824,0.7454016710850343,0.08913144106885978,0.12395063036501339,0.2682265186765797,0.2938320500760169
2026-09-17,3,76736.59,76764.23,0.00036012837323893523,48.0,1.0229999999999997,0.4474800245277369,0.3425,0.10498002452773686,0.0017716741918555943,0.8406647116324538,0.9306221267802528,0.036525504787731575,0.008989281923594529,0.17356237670407276,0.07190196295735736
2026-09-17,1,76502.46,76764.23,0.00341587926943124,49.0,1.015,0.4120076472630493,0.3411,0.07090764726304927,0.00046274132405521286,0.9211822660098523,0.9645638006540922,0.009572180834283758,0.0025114447942780724,0.08209736218720061,0.036079299882582024
2026-09-18,24,76780.01,80705.44,0.04986166335013703,47.0,1.018,0.29609363845187575,0.3387,-0.04260636154812425,0.0007483120416225576,0.008349705304518664,0.009904344256975952,1.391843188037718,1.3629806224739032,4.785529033614197,4.614781804256273
2026-09-18,12,77383.47,80705.44,0.04203279126926459,48.0,1.0119999999999998,0.327069571312014,0.34369999999999995,-0.016630428687985976,0.0014254554794053958,0.020256916996047435,0.0043883022891957335,1.459127329750504,1.4962557178331093,3.899258963703048,5.428812848970278
2026-09-18,6,78212.01,80705.44,0.03138276684339279,47.0,1.023,0.4088907432362515,0.3452,0.06369074323625151,0.003390836455276762,0.0386119257086999,0.00609702597917805,1.374289197910426,1.5068625727635412,3.2541940940445504,5.099954171088326
2026-09-18,3,78043.11,80705.44,0.03354461684588672,46.0,1.0059999999999998,0.6509341786805328,0.3529,0.29803417868053284,0.00028529313228882095,0.02335984095427436,7.370524898586694e-05,1.4139877435190054,1.501852468974555,3.756736929509571,9.210340371976182
2026-09-18,1,80937.83,80705.44,-0.002875345940591446,46.0,1.0294999999999999,0.6509077928883172,0.3457,0.30520779288831723,0.00016882388347236936,0.9169499757163673,0.9989870821083503,0.009303969047154576,1.719048798544218e-06,0.08670236032234334,0.0010134312396595118
2026-09-19,24,80725.6,81624.88,0.011078368199287428,47.0,1.0564999999999998,0.28269420809170986,0.3477,-0.06500579190829014,0.0013419316671633213,0.5702792238523428,0.49466161759101374,0.26193202828634576,0.3682153268192972,0.5616291716913011,0.7038813510012656
2026-09-19,12,81136.01,81624.88,0.006007235155181494,47.0,1.019,0.21651402026035385,0.34909999999999997,-0.13258597973964611,0.00048039363392728113,0.8581943081452406,0.6566703862544003,0.02773216636603259,0.17719631160034335,0.1529247387640679,0.4205730815874524
2026-09-19,6,81325.77,81624.88,0.0036711769598814677,46.0,1.0114999999999998,0.24915571576454837,0.3492,-0.10004428423545164,0.0004612133250478028,0.8813643104300545,0.7816437213919986,0.02209978231064457,0.08203699247784606,0.12628421930460496,0.24635624149666346
2026-09-19,3,81330.0,81624.88,0.0036191652790053094,47.0,1.0245,0.28435468656833957,0.3492,-0.06484531343166045,0.0004554896261911313,0.9282576866764275,0.8930434919399143,0.007469986787827084,0.02177999544609478,0.07444590513356417,0.11311999611140422
2026-09-19,1,81586.01,81624.88,0.00047631626461819575,42.0,0.9974999999999998,0.27767100041438647,0.35259999999999997,-0.0749289995856135,0.0002385663401681506,0.9473684210526316,0.9107525579448068,0.004085903983015177,0.015930194887091652,0.0540672212702757,0.0934840344838403
2026-09-20,24,81636.01,80869.54,-0.00943322469580265,46.0,1.013,0.19553907007421178,0.35710000000000003,-0.16156092992578824,0.001110022666960379,0.6362290227048372,0.45620688613437294,0.22396116039365827,0.4329343159072943,0.45219668186944123,0.7848088746943178
2026-09-20,12,80486.38,80869.54,0.004749261386831109,51.0,1.0104999999999997,0.2175469235082245,0.35719999999999996,-0.13965307649177547,0.0012801922954228738,0.7466600692726375,0.5959118625219559,0.10576135143095461,0.2697288027663373,0.29214525863577184,0.5176625045269309
2026-09-20,6,80470.01,80869.54,0.004952670522143522,48.0,1.0229999999999997,0.18815235682369683,0.3483,-0.16014764317630317,0.0008127997436249529,0.866568914956012,0.7191010144100402,0.02845119437683995,0.14759825876687155,0.14321364043736365,0.32975343820851744
2026-09-20,3,80493.76,80869.54,0.004657573058008047,47.0,1.0105000000000002,0.22807261086822,0.3522,-0.12412738913178001,6.748023830334763e-05,0.9223156853043047,0.8243903335107888,0.010648703212997821,0.06091371976962174,0.08086772215808458,0.19311115551882163
2026-09-20,1,80682.01,80869.54,0.002321612936928838,50.0,1.0054999999999998,0.35386072265822194,0.3527,0.0011607226582219243,3.4996233865415005e-05,0.9840875186474393,0.9877928150545239,0.00034420335098776154,0.0002978240508285611,0.016040444170086137,0.012282304586492083
2026-09-21,24,80912.0,85910.99,0.05994961593352083,47.0,1.023,0.2908577698895851,0.35240000000000005,-0.06154223011041493,0.0006309402139148543,0.015151515151515152,0.020228414252784658,1.3705105161920978,1.3126482052249453,4.189654742026425,3.9006670167974766
2026-09-21,12,81425.23,85910.99,0.053626584427547065,50.0,1.0135,0.3514209608252847,0.3529,-0.001479039174715313,0.0012878575960235067,0.020720276270350273,0.00841008453626102,1.4028080216534116,1.4538292685322436,3.876642528168632,4.778323753173719
2026-09-21,6,84653.71,85910.99,0.01474282512729814,53.0,1.0365,0.6261149444153802,0.3754,0.25071494441538017,0.0024585126825059167,0.5108538350217077,0.7299198016885695,0.330345663550545,0.12241491508806437,0.6716717668343731,0.31482061157541874
2026-09-21,3,85323.0,85910.99,0.006867705542135422,37.0,1.0155,0.6828068371562752,0.3865,0.2963068371562752,0.0014179678552958962,0.6149679960610537,0.8516041722050162,0.21343910887884757,0.04013826691929416,0.486185051454807,0.1606334467204502
2026-09-21,1,85844.14,85910.99,0.0007784338479521213,49.0,1.033,0.544979445248837,0.3871,0.157879445248837,0.002054164444940879,0.5977734753146177,0.6702696827366316,0.2853135961480251,0.2174441130726103,0.5145434006175063,0.4000751360359557
2026-09-22,24,85927.71,86420.26,0.005715777690579598,53.0,1.0305,0.4217295583564461,0.3832,0.038529558356446114,0.0007224380736536488,0.47986414361960217,0.4792823586478667,0.41088621404277725,0.43768624307267634,0.7342522492677468,0.7354653799870071
2026-09-22,12,85692.83,86420.26,0.00845298090237352,47.0,1.0145,0.39453103669963674,0.3791,0.015431036699636747,0.0010306269558541157,0.37259733859043864,0.39664916325444477,0.6660300944340576,0.645496611751249,0.9872569636462817,0.9247031087675621
2026-09-22,6,86253.99,86420.26,0.0019258233510606314,48.0,1.01,0.5387835921092233,0.3743,0.1644835921092233,0.00012335904086291502,0.5752475247524752,0.6164418585808324,0.32947946279776497,0.2915842390819964,0.552954852983394,0.4837912696964173
2026-09-22,3,86024.01,86420.26,0.004595695727246775,49.0,1.0070000000000001,0.6611797330312476,0.382,0.27917973303124755,0.0011024317468588175,0.53227408142999,0.5143400920121316,0.42176216336685907,0.47135901664523827,0.6305967316477604,0.6648705747147102
2026-09-22,1,86258.01,86420.26,0.0018792178975187298,48.0,0.9935,0.4973435195137273,0.38049999999999995,0.11684351951372735,3.596207467468365e-05,0.7091092098641167,0.7687775808913022,0.16519657593178003,0.1069276141810035,0.3437457306531367,0.26295358292281273
2026-09-23,24,86413.12,84018.11,-0.028107145289440926,48.0,1.023,0.3865797725636776,0.37939999999999996,0.007179772563677633,0.0003357512948923677,0.9076246334310851,0.9216535865855789,0.012821909378526525,0.011642892185690978,0.09692438515886591,0.08158584556423112
2026-09-23,12,86704.27,84018.11,-0.031470762017995896,48.0,1.008,0.4256316342819562,0.3847,0.04093163428195623,9.05955630471632e-05,0.9722222222222222,0.9867327049889805,0.001091466679264299,0.000350825655318076,0.028170876966696335,0.013356091839827396
2026-09-23,6,85854.33,84018.11,-0.021619652035882887,37.0,1.01,0.48480630767388044,0.37829999999999997,0.10650630767388047,0.00010488804178214765,0.950990099009901,0.9861143640877765,0.0038177629644152574,0.00038557208318227746,0.05025162762669384,0.013982943186942726
2026-09-23,3,85510.91,84018.11,-0.01761159929731448,46.0,0.9985,0.5516623092024321,0.3718,0.17986230920243207,8.178291588183998e-05,0.9539308963445168,0.9951668330490294,0.0034132320162767933,4.671900008981134e-05,0.047164045855013874,0.004844884472763678
2026-09-23,1,84533.99,84018.11,-0.006121331159495254,47.0,1.0195,0.5403863158128326,0.36950000000000005,0.17088631581283253,0.00017654555700864766,0.8558116723884257,0.9455517217160091,0.03762241970635866,0.005929230016181133,0.15570493593792764,0.055986689348571074
2026-09-24,24,83996.01,84275.36,0.003320235125304929,47.0,1.0114999999999998,0.35690865537466177,0.3649,-0.007991344625338237,0.002185558244709212,0.416213544241226,0.38845143175312524,0.49819805797344374,0.554727667587715,0.8765568229254186,0.9455871317819058
2026-09-24,12,83934.01,84275.36,0.004058637976886457,47.0,1.0000000000000002,0.39804801917604626,0.36700000000000005,0.031048019176046215,0.0002013203276257615,0.41699999999999987,0.4380556782895312,0.5643950000000002,0.5513870834546021,0.8746690571833359,0.8254092573021837
2026-09-24,6,83263.95,84275.36,0.01207385045021379,47.0,1.034,0.5234726587637638,0.3593,0.1641726587637638,0.001767474168352687,0.2195357833655706,0.17315168498115263,0.9813787697959885,1.285746093726451,1.5162400375869718,1.7535872768431826
2026-09-24,3,83604.26,84275.36,0.007995057110263586,46.0,0.9994999999999999,0.5669743803731957,0.35590000000000005,0.21107438037319565,0.0019183669875384335,0.2846423211605803,0.2356634670614447,0.9203225925118638,1.1658917448543897,1.256521900374069,1.4453504786713929
2026-09-24,1,83673.77,84275.36,0.007163985582211956,47.0,1.0474999999999999,0.5646866602612963,0.3544,0.21028666026129633,0.001239484222334498,0.23961813842482102,0.15161088288882052,1.1017057319108459,1.439528106767571,1.4287087126645088,1.8864380214848488
2026-09-25,24,84418.0,83910.0,-0.006035853123269685,47.0,1.0379999999999998,0.3473893698884198,0.3565,-0.009110630111580198,0.0012333994128894013,0.31310211946050104,0.3379098141213066,0.6971174371939516,0.6598325599759102,1.1612258813960963,1.0849762412287869
2026-09-25,12,84231.19,83910.0,-0.0038204843283992157,46.0,1.0274999999999999,0.3739102485115498,0.36210000000000003,0.01181024851154977,0.0016788140160794846,0.3600973236009733,0.3984311699673684,0.6804875651931972,0.6352025958533045,1.0213809407321193,0.9202205184622159
2026-09-25,6,84570.01,83910.0,-0.007834916157386376,46.0,1.0415,0.3497646726534929,0.34840000000000004,0.0013646726534928821,0.0038140396163804436,0.1824291886701872,0.2301538866977532,1.1839404050207323,1.1366840198495236,1.7013931885405407,1.4690071211892977
2026-09-25,3,84471.8,83910.0,-0.006672954970980779,47.0,1.025,0.4710999181277613,0.3528,0.1182999181277613,0.0038970753396322475,0.21463414634146344,0.1963802700766546,1.106294824509221,1.2868257400373098,1.538820345220147,1.6277023459661744
2026-09-25,1,84016.01,83910.0,-0.0012625800384659508,46.0,1.015,1.0218235998224012,0.3506,0.6712235998224012,0.0034019940970322227,0.5221674876847291,0.4804585395451776,0.4294324055424786,0.5398466579777064,0.6497668849297201,0.7330143403608743
2026-09-26,24,83796.01,84141.58,0.004115463223501109,45.0,1.0425,0.19606117146686566,0.3489,-0.15283882853313432,0.002337451232628822,0.354916067146283,0.36718210957532726,0.7487590359367182,0.6097291946684757,1.0358739480346864,1.001897342622807
2026-09-26,12,83939.0,84141.58,0.0024105116497340545,45.0,1.0305,0.259034439868418,0.34630000000000005,-0.08726556013158204,0.0014279859934794254,0.4269771955361475,0.44606305173674365,0.6134819118298966,0.5494933028668748,0.8510246734182069,0.8072949653470484
2026-09-26,6,84021.95,84141.58,0.0014227819810951226,46.0,1.0105,0.38350513452969787,0.342,0.04150513452969784,0.00013480087307644732,0.4997525977238991,0.5052550777100392,0.47602107607870947,0.48182475245462264,0.6936421075683159,0.6826918728527379
2026-09-26,3,84051.9,84141.58,0.0010663910217995308,47.0,1.0234999999999999,0.07415830222880206,0.3472,-0.27304169777119797,0.00023757764831363188,0.6643869076697607,0.5368370170439252,0.21354066109828884,0.42881799441262886,0.4088906069311917,0.6220607369765656
2026-09-26,1,84020.0,84141.58,0.001445990471594983,45.0,1.0174999999999996,0.12363333511028111,0.34729999999999994,-0.2236666648897188,0.00012737776875680731,0.5651105651105652,0.5248388293156747,0.36777523558850345,0.451556276064093,0.5707338765193994,0.6446640553018032
2026-09-27,24,84155.99,84487.11,0.003926877832526525,45.0,1.0425,0.14351904905959195,0.3479,-0.20438095094040803,0.0012270008047112143,0.5755395683453237,0.4217744935523663,0.324038438314097,0.4998039763207172,0.5524472984568102,0.8632844832439075
2026-09-27,12,84402.15,84487.11,0.0010061031372473968,51.0,1.047,0.1434998469071839,0.3489,-0.2054001530928161,0.002033483330789769,0.7879656160458453,0.5695339325887894,0.07036431921285084,0.30981639918933424,0.2383008245358559,0.5629369147464811
2026-09-27,6,84944.01,84487.11,-0.005393355217574417,47.0,1.029,0.2583910135554965,0.34729999999999994,-0.08890898644450346,0.000598017833473353,0.9086491739552965,0.8034007388721461,0.010921847567292893,0.05824420667674005,0.09579620654536246,0.218901637375842
2026-09-27,3,84802.01,84487.11,-0.003720266998785525,47.0,1.0125,0.28500136184765795,0.348,-0.06299863815234202,0.0010079010333739436,0.9481481481481482,0.9149572065079877,0.003650175278158813,0.012410515592893046,0.05324451451881224,0.08887798364404147
2026-09-27,1,84538.02,84487.11,-0.000602395650155993,47.0,1.0025,0.30839698765481616,0.3507,-0.042303012345183855,0.00017412604785761452,0.9655860349127182,0.955623989900785,0.0015716320172138227,0.003938252016559731,0.03502007190414722,0.045390759303125625
2026-09-30,24,83068.0,84160.25,0.013063170036574525,45.0,1.0025,0.30273870143594284,0.35600000000000004,-0.0532612985640572,0.0010877915694796293,0.1945137157107232,0.24088544693107095,0.9943077468423703,0.8601177761870733,1.6372526006169774,1.4234337824311796
2026-09-30,12,83300.65,84160.25,0.010266367253705944,46.0,1.0204999999999997,0.30892856476177927,0.3527,-0.043771435238220746,0.0006046303758078424,0.21068103870651647,0.25167109646794195,1.0874390045709212,0.9648735099646089,1.5574099541222364,1.379632216696761
2026-09-30,6,83632.01,84160.25,0.006296377975292434,45.0,1.009,0.4010365641463578,0.3568,0.04423656414635779,0.0012866963518147678,0.3022794846382557,0.31607502417712374,0.8783338457352609,0.9102102273768049,1.1964032437461973,1.151775675292448
2026-09-30,3,85290.32,84160.25,-0.013338246711937115,46.0,0.9924999999999998,0.6170399078881637,0.3575,0.25953990788816367,0.0009827701864247491,0.6649874055415619,0.8847080940062523,0.1686761542805296,0.024346128818490066,0.407987177540874,0.12249752566355865
2026-09-30,1,83800.01,84160.25,0.004289592697534744,45.0,1.0119999999999998,0.5252880112635601,0.3539,0.17138801126356007,0.00019670723881144234,0.3260869565217392,0.26359765748255093,0.8860155407833273,1.0845768131824653,1.1205911953868848,1.333331363030028
2026-10-01,24,84134.43,84195.99,0.000731418631812747,46.0,1.0195,0.30045023786170677,0.3521,-0.051649762138293254,0.0003979210870228835,0.4512015693967631,0.4156853725198749,0.4700801270757262,0.5085755876089354,0.7958411005313692,0.8778266209301462
2026-10-01,12,83754.01,84195.99,0.005263245255149622,46.0,1.0255,0.35136655715987714,0.35619999999999996,-0.004833442840122826,0.00048204121274723465,0.3705509507557289,0.3874053916159219,0.6865096071626473,0.665664711950488,0.9927643247920038,0.9482836106669505
2026-10-01,6,83782.01,84195.99,0.004928988773937974,46.0,1.0264999999999997,0.4640342762808897,0.35810000000000003,0.1059342762808897,0.002169742466594853,0.3555772040915734,0.3863774135738175,0.7204098691067615,0.736635052438568,1.0340128828764965,0.9509406318361547
2026-10-01,3,83736.02,84195.99,0.005478064012650163,45.0,1.0454999999999999,0.4763190364078413,0.36200000000000004,0.11431903640784125,0.002860739314878192,0.3156384505021521,0.3180022774963358,0.84420466113683,0.9289805024240508,1.1531578644081621,1.145696734289444
2026-10-01,1,84050.65,84195.99,0.0017277020944107665,45.0,1.0175,1.0901158132176703,0.3616,0.7285158132176703,0.008192737388694924,0.4373464373464373,0.5612317174518997,0.5983741525756268,0.3850352101902003,0.82702963515051,0.577621415152187
2026-10-02,24,84162.65,85358.02,0.014103174711921039,45.0,1.044,0.34986820063359103,0.3593,-0.009431799366408977,0.0024547728961601878,0.44061302681992337,0.41374132805786146,0.44516145902144716,0.5065465065005837,0.8195882789594433,0.8825143118872851
2026-10-02,12,85512.9,85358.02,-0.0018128309066971493,45.0,1.028,0.4149884862163616,0.3643,0.05068848621636157,0.0012306343340950032,0.5204280155642024,0.5717818658909126,0.33205981544005203,0.29331491002488846,0.6531036991191038,0.5589977136735806
2026-10-02,6,86364.02,85358.02,-0.011716743043432265,45.0,1.0205,0.4307757137620351,0.3553,0.0754757137620351,0.003872921984429869,0.29397354238118567,0.32506024611950435,0.8497688613218343,0.8810489744479469,1.2242655075936986,1.123744741156393
2026-10-02,3,86810.0,85358.02,-0.0168674115555358,45.0,1.011,0.5037863710674917,0.3627,0.14108637106749167,0.002927875356128556,0.11374876360039567,0.08176224909459742,1.3599441749068848,1.6484831879312458,2.1737630906572214,2.503939644409529
2026-10-02,1,85686.93,85358.02,-0.0038458943734524637,44.0,1.0384999999999998,0.4411352252263088,0.3574,0.08373522522630883,0.0011937998822317652,0.760712566201252,0.830709382809513,0.09696358006819294,0.05731859331736081,0.2734996978550995,0.18547526513708268
2026-10-03,24,85326.0,84867.27,-0.005390707997800253,43.0,1.025,0.19654353407595287,0.35340000000000005,-0.15685646592404717,0.0012388825918559594,0.702439024390244,0.4669094682756359,0.1297784651992861,0.40201112728837374,0.35319667956240747,0.7616198981882967
2026-10-03,12,84699.56,84867.27,0.0019780997814932443,45.0,1.032,0.15280103786564214,0.3482,-0.19539896213435787,0.0011543472985227927,0.9060077519379846,0.6206996581915044,0.011539176581936173,0.22282217927651432,0.09870741675282098,0.47690795624496873
2026-10-03,6,84600.01,84867.27,0.0031541218053337977,44.0,1.0199999999999998,0.16348282486366922,0.3464,-0.18291717513633077,0.0006075322553390545,0.9362745098039217,0.7477107547361199,0.005272971933871573,0.11204816355696372,0.0658465657975864,0.2907390673213603
2026-10-03,3,84888.02,84867.27,-0.00024446955500874136,45.0,1.0165,0.28651771453771446,0.3502,-0.06368228546228555,0.0003895449145426378,0.9601574028529267,0.9251817990997167,0.001866400650941704,0.008862809826402609,0.040658046655308824,0.0777650212138211
2026-10-03,1,84856.01,84867.27,0.00013268657094694586,45.0,1.0239999999999998,0.4648458086319059,0.3507,0.11414580863190588,0.0005462866318392577,0.9638671875000002,0.9964002116416971,0.0014944076538085777,2.4720980254055204e-05,0.03680176616597128,0.0036062831877742385
2026-10-04,24,84867.28,85256.01,0.0045699877605831895,43.0,1.0379999999999998,0.16663468612988983,0.3508,-0.18416531387011018,0.0005735197686747776,0.8044315992292872,0.47661164344715745,0.05276793967946358,0.3864392615735949,0.21761933887497834,0.7410532843868748
2026-10-04,12,84840.87,85256.01,0.00488122797165382,46.0,1.008,0.17815389675825752,0.3546,-0.1764461032417425,0.00032160435574845816,0.9077380952380952,0.625037225388469,0.012003672996976565,0.21095137463742974,0.09679938335579262,0.46994407039784863
2026-10-04,6,85233.84,85256.01,0.00026007413491131417,45.0,1.0030000000000001,0.21489562250341965,0.3592,-0.14430437749658037,0.00022503918128658675,0.9322033898305084,0.7696219933150664,0.006793179782685846,0.08536852068762842,0.07020425867324857,0.2618558024466299
2026-10-04,3,85127.94,85256.01,0.001503310894238942,44.0,1.0085,0.2991289619173426,0.35810000000000003,-0.05897103808265741,7.226612050537352e-05,0.9558750619732276,0.9161310594199933,0.0028670529551858273,0.011326365575771945,0.045128062783720835,0.08759584657325824
2026-10-04,1,85278.44,85256.01,-0.0002630553548487972,45.0,1.0125,0.37359854766836276,0.3575,0.016098547668362773,0.00015114099771562588,0.9753086419753088,0.9863312527987115,0.0007501295534217289,0.0003726156159377503,0.025001302205417155,0.013763024614838878
2026-10-05,24,85256.01,85252.0,-4.703591345342077e-05,43.0,1.0359999999999998,0.2783807917829406,0.3583,-0.07991920821705939,0.001113881492797928,0.55984555984556,0.46466929785329253,0.27578831934526904,0.4026888103379509,0.5800943192789632,0.7664293138207898
2026-10-05,12,86085.03,85252.0,-0.009723952422151391,45.0,1.0145,0.37907676873831775,0.3675,0.011576768738317755,0.0008751675885098413,0.4435682602267127,0.43748479388485695,0.514309879832619,0.5451619315591061,0.8129035765015039,0.8267133306231134
2026-10-05,6,85970.99,85252.0,-0.008398337466048438,44.0,1.0185,0.4599170384133775,0.3605,0.09941703841337751,0.0004185371316601474,0.47128129602356406,0.5090710273940975,0.49802945941901045,0.46885834137793425,0.7523001317649239,0.675167729152891
2026-10-05,3,85904.01,85252.0,-0.007618933790229379,43.0,1.0319999999999998,0.6229966522908608,0.3627,0.26029665229086074,0.0010240303685267005,0.5232558139534885,0.5669680312808953,0.397851597710474,0.3745252687731961,0.6476848064831877,0.5674523590645653
2026-10-05,1,85645.26,85252.0,-0.004602305433609325,43.0,1.031,0.40675281690911597,0.3641,0.04265281690911599,0.0005845372827957636,0.8147429679922406,0.8564424416938623,0.05853648440535448,0.04121745578904385,0.20488259217960061,0.1549681652345813
