date,horizon_h,season_mult,pm_vol,vol_dvol,vol_dvol_seas,vol_rv_seas,brier_pm,logloss_pm,brier_dvol,logloss_dvol,brier_dvol_seas,logloss_dvol_seas,brier_rv_seas,logloss_rv_seas
2026-07-14,24,1.0000000000000002,0.3609391809970848,0.3786,0.3786,0.33031420669706335,1.1882745414355118,2.170295165457588,1.153896378473074,2.0454789262372657,1.153896378473074,2.0454789262372657,1.2614736047808675,2.295853158817176
2026-07-14,12,1.180889098903604,0.3832491221992859,0.3746,0.40707302999081635,0.3499466506661636,1.40660200128107,2.8678989020441064,1.4454498232104769,2.973406851239458,1.381681234969092,2.7172377261090968,1.4956541385296036,3.212652514728451
2026-07-14,6,1.710175856598197,0.4165809422830966,0.3709,0.4850396242898423,0.41940219479971863,1.5699718144524037,3.2260296622248195,1.6981159142318138,4.36495946282308,1.51094793504727,3.1356206705333434,1.6184748405342153,3.7301680423523256
2026-07-14,3,2.4615987539610455,0.3076987980192053,0.3675,0.5765884985972677,0.5414936680013348,0.5942365646495363,0.8131748860701526,0.5788297997361935,0.7721365280762172,0.552074418644337,0.7488422291353244,0.5550631534529461,0.7501799713908731
2026-07-14,1,4.713591518361226,1.004072662718739,0.3671,0.7970037344767702,0.7405816546288548,0.22425588117440637,0.4143804717661165,0.025578185430107266,0.1200104943414203,0.16855834221536464,0.3437107602305915,0.15182698728941388,0.3226509584385061
2026-07-15,24,1.0,0.3584505556780535,0.3666,0.3666,0.34209449742693265,0.2705279505684791,0.5593756630693392,0.28007861516172944,0.5668893155558434,0.28007861516172944,0.5668893155558434,0.24486077254500876,0.5139110539922429
2026-07-15,12,1.2592847378237646,0.3629152398299374,0.3634,0.40779969150518214,0.37045706620317803,0.1090112200651729,0.3144723058193497,0.11056721650626868,0.30895665616602885,0.15664119789588116,0.3839284534241911,0.11765675621031954,0.3209507191735103
2026-07-15,6,1.927535468782789,0.3903210201473273,0.3615,0.5018910957721203,0.43920409163397256,0.05430190352812113,0.20627479781644756,0.041662932861683176,0.16430455436927663,0.12540682815250798,0.32196768257596525,0.08399813639337453,0.25017462725242556
2026-07-15,3,2.508197968328627,0.561329222718142,0.366,0.5796448628646936,0.5019772980779631,0.03602027010682147,0.1680881876710399,0.0020266836090360326,0.03419501541883433,0.04237620901457309,0.17824575079757737,0.02006219182491197,0.11735308003174408
2026-07-15,1,4.717502624318039,0.5170224695623231,0.359,0.7797412748628438,0.6916910313326374,0.004836550333421421,0.05500367987287884,0.00014695873002196926,0.008608965871357439,0.038060554651286216,0.15113528280936234,0.02349801746966951,0.1156875728049942
2026-07-16,24,1.0000000000000002,0.3454372679967308,0.3636999999999999,0.3636999999999999,0.3177346026705931,0.27013482255352883,0.5579049235317931,0.303506566029216,0.5895634560696491,0.303506566029216,0.5895634560696491,0.24427077377011203,0.4960361881759533
2026-07-16,12,1.2599960733245936,0.3209099228092887,0.3601,0.4042106176489027,0.3531208607418365,0.10500909383526999,0.2919774697714468,0.1442469478062594,0.3459767315130998,0.18873421664791926,0.41537387278327553,0.13736727522903008,0.33494691362071005
2026-07-16,6,1.8838697509702633,0.316331693667286,0.3625,0.49754623851802576,0.43098230795309406,0.3769623383793116,0.5966756123193648,0.3931335603960532,0.5869184412494317,0.42862867903777374,0.6376541911738459,0.4124379458084415,0.6110071020057938
2026-07-16,3,2.412804770694036,0.7224053999174977,0.3626,0.5632340360568919,0.48908521901135016,0.5102404966616275,0.7213180575266417,0.5679319693280015,0.76118232951892,0.5457248683566118,0.7417351316132014,0.5516591201195657,0.7454328676227903
2026-07-16,1,4.424688469019194,0.4444781782082218,0.3618,0.7610442548442082,0.6630177603836669,0.0028809646176708487,0.04229929943619881,0.0004158128553516133,0.014523926066914598,0.045986991412737634,0.16618576622401734,0.02755875882878031,0.12532132215310157
2026-07-17,24,1.0000000000000002,0.3366005312729327,0.3615,0.3615,0.3152560311998419,0.9187258971894257,1.3497869447774276,0.8747482423140559,1.3009912579299403,0.8747482423140559,1.3009912579299403,0.9710476156437869,1.3816893914881592
2026-07-17,12,1.2557045918109033,0.3650823895572314,0.3653,0.409348698010666,0.34748570274088597,0.19961174717660826,0.42187114349527416,0.20859608712411862,0.4144926274628042,0.24537723572450032,0.4710186188907684,0.19345727072937446,0.39179630929552367
2026-07-17,6,1.8187481909026564,0.4040165093314855,0.3626,0.4890058863573367,0.4259717127757855,0.026707589100820606,0.1464476178910689,0.013362901500656551,0.09913538267647116,0.06920523172903799,0.24188357569448182,0.03579736967227279,0.16780544794891653
2026-07-17,3,2.334973596499169,0.4969124231408319,0.3695,0.5646189235877864,0.4848697840732074,0.012455271263970837,0.0978183326115379,0.0009675802995526053,0.02439754203277031,0.02752384703672801,0.14326623457271873,0.010571488089426758,0.08552631698813878
2026-07-17,1,4.1669097894580815,0.6456135294916124,0.3625,0.7399716139967641,0.6329406033757884,0.002035358308987815,0.03827254620487599,3.133462971941793e-07,0.00039622007149875746,0.006003418149697076,0.06049611759234977,0.0016429111280150596,0.030415599089165503
2026-07-20,24,1.0,0.3095195162569822,0.359,0.359,0.3064227527672772,0.22769874732300321,0.48600397059217665,0.2993199895895464,0.579601222955581,0.2993199895895464,0.579601222955581,0.2277970290559798,0.46993063777167093
2026-07-20,12,1.2424784216437896,0.3391390948789204,0.3619,0.40339732184652144,0.32274331629064706,0.07855213844797182,0.262860419277967,0.09987561814800591,0.29549423689270865,0.1427812780849688,0.36685718184289406,0.06387754987429903,0.22783189933473816
2026-07-20,6,1.725133008194536,0.2963148024163796,0.3624,0.47599181134374485,0.3913874625937742,0.240024355317449,0.4563448803146955,0.2797630848724037,0.46990257768619637,0.33477896564641346,0.5391457629728552,0.2951002283656209,0.4877364447392252
2026-07-20,3,2.1273639528358856,0.4777122014180511,0.3661999999999999,0.5341204890690274,0.4494169368097132,0.036473582637525453,0.16362942378180229,0.010369443705792979,0.07528846328828243,0.05617286686912442,0.1931035840618494,0.028673114491996936,0.13085841257077732
2026-07-20,1,3.788424626932754,0.4173339737447398,0.3592,0.6991424201528132,0.5898962058522818,0.01082313712522045,0.08053886248401225,0.004207721860000676,0.046953109646354116,0.0754105442706633,0.21624316246546105,0.046662836005315775,0.16578884140443634
2026-07-21,24,1.0,0.3352966512032294,0.3592,0.3592,0.32971701161277994,0.7867565176415059,1.1466463091342176,0.728363518270072,1.0730754136290115,0.728363518270072,1.0730754136290115,0.7589879486767693,1.0774707617435624
2026-07-21,12,1.3082841494908615,0.3366737811279573,0.3632,0.4154290664892545,0.3736012681390909,0.970865017780383,1.2760486378960152,0.9097557465532168,1.1827420080619124,0.8341277513633399,1.1310155699857258,0.8930090126523668,1.1700043376977851
2026-07-21,6,1.8993267194578394,0.3605060888010806,0.3686999999999999,0.5081278239299788,0.4520842111331926,0.20696222219440066,0.41186434235019503,0.21440489421971393,0.3997782239539396,0.2963792443431441,0.5107155491197304,0.2650371076942102,0.46566826438860953
2026-07-21,3,2.466143504047975,0.4427590531939659,0.3806,0.5976927063584053,0.47652905798686757,0.04772164493787822,0.18331312851624962,0.027337796829788735,0.12498692194247812,0.11386337291080688,0.2885574643244797,0.060890502836737984,0.19614323365154995
2026-07-21,1,4.984216205897546,0.5689703418557177,0.3747,0.8365311732909145,0.6689827466451546,0.0008649766946413088,0.025635985466372198,1.211251188825351e-06,0.0007829300802399162,0.018086254946088096,0.11170935972459654,0.0036834767426186165,0.047485390908079746
2026-07-22,24,1.0,0.3350125245505593,0.3735,0.3735,0.2961404291716501,0.25600110921901614,0.5395613129476458,0.3152699790996351,0.6150525485087219,0.3152699790996351,0.6150525485087219,0.20310979092158124,0.4444339750630503
2026-07-22,12,1.3010482640550851,0.3684514121621483,0.375,0.4277381349993783,0.33759282461301865,0.3401559280337415,0.5735532957792043,0.3574126036975128,0.5781192046247777,0.387935355351681,0.6326376795996347,0.33412985628029257,0.5416217766709833
2026-07-22,6,1.8703750244226935,0.5345129139304172,0.3807,0.5206516201102152,0.4057342516771472,0.5772717594074053,0.807750563298949,0.594762358504928,0.7908160252880697,0.5685368061891027,0.7896601469602701,0.5888501427006991,0.7870082682744827
2026-07-22,3,2.4104568830590933,0.440354423088159,0.3797,0.5895087842310028,0.45936469030793503,1.132905825936129,1.4381194289844765,1.233438163315008,1.5389692890342714,0.9547261889817977,1.1920049243045525,1.1039600611083167,1.3614724111318692
2026-07-22,1,4.826512475199895,0.3078680767067721,0.3797999999999999,0.8343949691741513,0.6518609602076645,1.3761249590095905,1.7957917327559934,1.2170587014557992,1.5145046797061006,0.8149176629260713,1.0185089655883783,0.909852914792558,1.122396451861532
2026-07-23,24,0.9999999999999999,0.3474798295942056,0.3818,0.3817999999999999,0.29799398749524164,0.5141666195564097,0.8071778665977782,0.5249391876982752,0.8417609368384731,0.5249391876982752,0.8417609368384731,0.5253319361069598,0.7709001854063918
2026-07-23,12,1.3068724345307148,0.3090034210768901,0.3815999999999999,0.4362394778330554,0.3394918089867457,0.21292302374549846,0.423619918388536,0.27603876586594006,0.4958245578668942,0.31566576473015895,0.5610611813854677,0.24362033349753123,0.44672786833699385
2026-07-23,6,1.8711945856103294,0.3215560501717714,0.3853999999999999,0.5271948831083175,0.3996179302331831,0.1315142783699284,0.31662166953739723,0.17351901164770483,0.3533958510343835,0.25731757640499453,0.4729896198269012,0.1824050822050646,0.36536479481328177
2026-07-23,3,2.395322656432713,0.5030901584718654,0.3873,0.5994176243914868,0.4549619424859678,0.020209285662016536,0.12266750901585842,0.0033895715480829827,0.04479023123935828,0.049730409651158575,0.19504639127420392,0.011110862195040573,0.0847593811484201
2026-07-23,1,4.739791844862102,0.5733007892206825,0.3853,0.8388390576875365,0.6345846660996783,0.00032429059586797516,0.015496436069968393,2.0263673581909903e-07,0.0003305185500744013,0.012341953162306725,0.09362241124719435,0.001066159339226476,0.026104345002057834
2026-07-24,24,1.0,0.3401470760360057,0.3862,0.3862,0.2909733030315976,0.22079292323804,0.5041907584198511,0.2903091684472205,0.5921750294326616,0.2903091684472205,0.5921750294326616,0.14623230681352,0.37515449780718374
2026-07-24,12,1.3018407500221258,0.3582704539463227,0.3818999999999999,0.4357411639853807,0.32826196588643786,0.16228404206675812,0.376265953415902,0.18920047785762167,0.4056209421753778,0.23982373831156073,0.48447514866489966,0.13891115665151713,0.32662551189703587
2026-07-24,6,1.860403608030169,0.3779490991243384,0.3761,0.5129876620779813,0.38122479164030015,0.024626714036783678,0.14100340746322365,0.024094107740104734,0.13264071097214872,0.09948948410663455,0.2955619122629361,0.026015026834719106,0.13832503981894675
2026-07-24,3,2.3550529732674366,0.4619726515469412,0.3782,0.5803925975096696,0.4303359684699727,0.01505960783825968,0.10231721548079793,0.0038854872182129234,0.0469383218099846,0.04819237502008329,0.1881851392335221,0.009752272081710539,0.07696744698800718
2026-07-24,1,4.543851120172799,0.4777835260800692,0.3718,0.7925404406851145,0.61637927618919,0.3768076994656923,0.5741810128463405,0.344433688198053,0.536126634450262,0.4255277750159776,0.6187720501950585,0.40374425701170946,0.5965712258650362
2026-07-25,24,1.0,0.2642796282838799,0.3701,0.3701,0.2874480585208955,0.38322269422676686,0.6257912385594807,0.4794838457971358,0.7714264308925671,0.4794838457971358,0.7714264308925671,0.44317126967617954,0.6723000514439151
2026-07-25,12,1.3154782942044063,0.113490240188166,0.3702,0.42459830650069397,0.32405456028055246,0.2835526330286077,0.48848105880453835,0.43815017417617563,0.6530415169643873,0.45423269804122285,0.6917591310860066,0.42353443690901543,0.6256242609580989
2026-07-25,6,1.895151189906026,0.0300064786746232,0.3743999999999999,0.5154158518124035,0.3908794117151303,0.48996814613042783,0.6906187342065866,0.504154130340425,0.698743364009645,0.5074419975406552,0.7210619310172784,0.5044280656023941,0.6998481273788905
2026-07-25,3,2.4321428893151533,0.1240958771898118,0.3753,0.5852927001534356,0.4422125872343057,0.08029742883665841,0.22645018029677183,0.3069388796159103,0.49718602572726345,0.37458130810770307,0.5711775213990241,0.33348741629161355,0.5250209580204301
2026-07-25,1,4.505689554836777,0.1862695203168798,0.3765,0.799181851770679,0.6014701558471293,0.004393624607830381,0.05027715329101043,0.08310079111500117,0.22795402986008398,0.24469980236816852,0.43096597499560624,0.1833929483780269,0.36071037695063807
2026-07-26,24,1.0,0.2075299769973729,0.3768999999999999,0.3768999999999999,0.2833794081040088,0.31451562106324005,0.5356009117315489,0.4463705358396233,0.7415875600660662,0.4463705358396233,0.7415875600660662,0.38304469986776063,0.6094252248847409
2026-07-26,12,1.3140743466167895,0.2011079280280351,0.3743999999999999,0.4291862586381036,0.3234745895608856,0.03063007569029635,0.1419954710366521,0.17804641969240131,0.38964845854777597,0.23204927892005592,0.4720113662583567,0.12879785726816087,0.3125501153256984
2026-07-26,6,1.8875849535049476,0.1956932507979376,0.3739,0.513698997933406,0.3875259382667708,0.00539060783750445,0.05956586046819292,0.08254626488292331,0.2336935428197754,0.17373075056312162,0.38000114613489333,0.09076115663063551,0.2477436688055787
2026-07-26,3,2.4207747109517763,0.2204632911498206,0.3729,0.5801891063905973,0.4381012848085099,0.0029168172298773398,0.04404660354037426,0.04331739002170432,0.1593840998803049,0.13341904139057037,0.3080334967300269,0.07001790658252803,0.2082834242237011
2026-07-26,1,4.474520493659827,0.4412861453624507,0.3743,0.791759126045784,0.596877861836293,0.00020226892320976612,0.01250954516753417,1.5878112209159156e-05,0.0028218202021668927,0.020466118826961,0.11173854217647435,0.00352145080911546,0.04337791531473121
2026-07-27,24,1.0,0.3325041497901557,0.3752,0.3752,0.2822362692027194,0.22386294772138396,0.49855553117417634,0.28892733138547816,0.5820696967002351,0.28892733138547816,0.5820696967002351,0.15115413881537038,0.3733805610993089
2026-07-27,12,1.2923865353731925,0.3462950954452839,0.3728,0.42381089403685773,0.3272815936913409,0.1062867296413546,0.3033308019740492,0.13357925053999892,0.34047446106866297,0.18569573859462163,0.4232135854696138,0.0902327520786511,0.2658896059167403
2026-07-27,6,1.8499106077379188,0.3480122574426255,0.3702,0.5035142728520122,0.3781230512069646,0.026736290421855165,0.13951059136214766,0.03614107275045304,0.15564638819880372,0.11280397644839578,0.3079114573258827,0.039643438565401215,0.16421469351394016
2026-07-27,3,2.370686814437003,0.4695178219928286,0.3726,0.5736935176296383,0.40775142201641007,0.010029566131871824,0.08733008758034863,0.0013415744926679805,0.029219232798320074,0.034734241593434585,0.16335736004409926,0.0032218169842737794,0.04607055244571871
2026-07-27,1,4.314269999863985,0.5296907593652865,0.3731,0.7749593269944985,0.5598548521078665,0.0018171442154406134,0.03427754935576171,2.7396025098161346e-05,0.0037080647126415847,0.021284915777385026,0.11286407073679257,0.0028089766150552658,0.038396846678473776
2026-07-28,24,1.0000000000000002,0.3306826385979634,0.369,0.369,0.2358228825984814,0.8605049622740691,1.2612481703910339,0.7846569177645647,1.1632918091646047,0.7846569177645647,1.1632918091646047,1.0909572344507683,1.4110459825887989
2026-07-28,12,1.2351460805416803,0.3927119865943135,0.3818,0.42432154758119534,0.2883603660583234,0.155048294926365,0.3738262852420257,0.14446372399263913,0.35130580862667987,0.18561139312354222,0.4164759382101224,0.06344490180946782,0.20866650776415474
2026-07-28,6,1.7746231841558746,0.3470454446880385,0.375,0.49955618830309756,0.3430139174563069,0.04460070281053792,0.1833250691711947,0.058614866551007325,0.19460332703894218,0.13157899766794406,0.3236811910702058,0.04325640595554495,0.16288127175221673
2026-07-28,3,2.299483105538565,0.4336776115579597,0.3878,0.5880617287679435,0.3880894250267581,0.07031045806987479,0.22239793179414344,0.05134535941054921,0.174803238247976,0.1363619296003894,0.31061561748004085,0.05146120232543389,0.1750201163211006
2026-07-28,1,4.029208938161801,0.4584944891387696,0.3732,0.7491202370110185,0.525909406278924,0.00186795412214489,0.035781090887689666,0.0002124488147001978,0.010360006664233055,0.03126682068120741,0.13496388662389314,0.005016964232673363,0.051398749638078445
2026-07-29,24,1.0,0.3933098363692399,0.3728,0.3728,0.26785710576302385,0.47873927853244147,0.7977009192478313,0.46868601338198423,0.7606736956871638,0.46868601338198423,0.7606736956871638,0.43714710740801943,0.6541961025734729
2026-07-29,12,1.2345704922357446,0.3949214083939723,0.3738,0.41533376916541265,0.30147943942678407,0.311563102037094,0.544861620185085,0.3136625062589581,0.5269406758361177,0.33793366592005025,0.5677279889098102,0.26664138350030775,0.46000202479817753
2026-07-29,6,1.7754488260797843,0.3870935623712113,0.3717,0.4952752668573691,0.36434756331846363,1.4411367290478077,2.0704007970276868,1.4678924616467564,2.014034193069441,1.1804839189856948,1.5962968394982806,1.4875977748561335,2.0507030990427837
2026-07-29,3,2.348373158906608,0.4207241048382008,0.3749,0.5745118545061149,0.4174720838037796,1.0058859124495017,1.271631452799751,1.0712882793114904,1.3164362274141843,0.8520078849087145,1.0671232976152933,1.0091197152522602,1.2395183112620631
2026-07-29,1,4.0387768473138115,0.3446609107880188,0.3804,0.7644787839554433,0.5630807926515075,0.913640376796854,1.14888944195912,0.8715784544110656,1.0792313337300503,0.6730381251955264,0.8679873190357495,0.7422876786258172,0.9396005397026933
2026-07-30,24,1.0000000000000002,0.4482473922677733,0.3826,0.3826,0.2792795891074808,0.5417891865598581,0.9237627467128562,0.5413805182347335,0.8506498411921568,0.5413805182347335,0.8506498411921568,0.5372047389084816,0.7635824500883782
2026-07-30,12,1.188529601612954,0.3134657216156152,0.3696,0.4029368286263645,0.3391979558930754,0.3370432805265563,0.565414367147586,0.3806512188981924,0.5951833454005173,0.39681272858057054,0.6241206314850151,0.36505734748418933,0.5704068504808314
2026-07-30,6,1.7097977217225708,0.3189673535871475,0.3589,0.46929489001573854,0.40683080872625577,0.043727249293068184,0.1744475003630488,0.06467217676631501,0.2038849025072528,0.1331105595731094,0.3209217100251514,0.0927266801371135,0.254119550552174
2026-07-30,3,2.2888429645787443,0.4739847029874227,0.3535999999999999,0.5349587001222201,0.4669110363500456,0.010305061628725173,0.09033008983035172,0.000650212361561927,0.020470888964561958,0.022806544387320903,0.13053548147465843,0.009152161532059803,0.080360914470404
2026-07-30,1,3.777083480906658,0.4621922379908387,0.3571999999999999,0.6942082044764993,0.6013872896878932,0.0005581156732307943,0.020733991812422747,1.4460458934943339e-05,0.0026925626959714596,0.012204787323787238,0.08305813244544777,0.0049560118929783716,0.051503434152247965
2026-07-31,24,1.0,0.3197682863026009,0.356,0.356,0.3094360855007604,0.9877089597461798,1.4660096829663092,0.8979022685101263,1.3327102833863276,0.8979022685101263,1.3327102833863276,1.0019702781424666,1.4257092757860748
2026-07-31,12,1.1912072585147604,0.3088481748658209,0.3560999999999999,0.3886562349737946,0.33443899383998016,0.9518619136303423,1.2462253540613373,0.8556445542242378,1.1054781965258784,0.8095005109171373,1.0720551518169834,0.8905240457430914,1.1341820151111102
2026-07-31,6,1.7065065327513096,0.3403881574684677,0.3558,0.46479336663163284,0.400857265441533,0.18894763776163187,0.38729618209138345,0.19916780471671006,0.38046866302765875,0.2600231697819736,0.45825960173335706,0.22583087658671203,0.4133163484475984
2026-07-31,3,2.2839562568401566,0.3497885492558548,0.3539,0.5348407062095772,0.461369978377264,0.15132988822705482,0.3320288819890009,0.1536466584168914,0.3245887425260726,0.24206298415227206,0.4295965419013376,0.2108689638626227,0.39303386822759134
2026-07-31,1,3.6609227006009766,0.5977380021219146,0.3581,0.6851719898495658,0.592066273749679,0.00398005156467497,0.05189363633946533,9.107258407801922e-06,0.0021362168110176617,0.00955814613537188,0.07279760304309665,0.003593617584797871,0.043570409438118636
2026-08-01,24,1.0,0.2890138295247015,0.3547999999999999,0.3547999999999999,0.30943373702125027,0.1559435340814742,0.39429180751003917,0.2519621859972909,0.5221344365341526,0.2519621859972909,0.5221344365341526,0.18689200095391725,0.4239985973649869
2026-08-01,12,1.2025238179631466,0.2260474277251437,0.3563,0.3907173222523387,0.3425467496043306,0.005148601783206651,0.06503442990052372,0.07838585511419147,0.25967378432309607,0.1109754804816567,0.3179119606418328,0.06646706645753166,0.23642428630228896
2026-08-01,6,1.7392816036322207,0.2915342139031976,0.3546,0.4676529550931713,0.41121708457006967,0.002352320448628869,0.04210614374086023,0.01198351988407345,0.09292779428060073,0.05780650537511327,0.21792464075161164,0.030345085677479892,0.1527157678561633
2026-08-01,3,2.372888894841308,0.3620092767736643,0.3552,0.5471566211890331,0.48008440172583156,0.0008589981029643223,0.02605357784838246,0.0006435503883745665,0.019681648459314634,0.023198209636003567,0.1303463344800593,0.009980764367646694,0.08279483555614918
2026-08-01,1,3.6261531429952103,0.5273313289944837,0.3554,0.6767690577464995,0.5934942700601717,0.00014574580350896547,0.010994613501091719,4.341171664986149e-08,0.00014787101494972534,0.0020686311565354287,0.03551966188361984,0.000528255649009512,0.01742275188241886
2026-08-04,24,1.0,0.2946373097683895,0.35,0.35,0.32966034794236515,0.7538604510838035,1.036137364548372,0.6910564568167056,0.999738325502287,0.6910564568167056,0.999738325502287,0.7080320858322195,0.9987731541533557
2026-08-04,12,1.200737219063331,0.3129266216804048,0.3439,0.37683927720153976,0.33819887713015884,0.7585285575155659,1.0145449766116292,0.708912193092073,0.9247548186887177,0.6852307044238782,0.9134892014782598,0.7134107283414234,0.9274899231813315
2026-08-04,6,1.7371896856864666,0.2933592537137922,0.3392,0.4470740523422724,0.408333222198461,1.2562506577518961,1.6613976513648117,1.150042840274144,1.4243115115020824,0.9727017873404675,1.220871861603653,1.0285698011105338,1.278361567247699
2026-08-04,3,2.4176004581382737,0.4678949444526341,0.3456,0.5373608205440198,0.48286306951570346,0.6486133097632912,0.8651212688284752,0.7003020641349122,0.8958419402038876,0.6275632006286423,0.8233541190083871,0.6422977490205626,0.8369112483163914
2026-08-04,1,3.3991425625824516,0.2506051916995953,0.3444,0.6349621423217212,0.5706878832433028,0.10301080125319394,0.26186786336521545,0.1718790140790649,0.3469430360712361,0.29622391902619405,0.4859035155738523,0.27681875957316104,0.46527038149859073
2026-08-05,24,1.0000000000000002,0.2840610700610718,0.3446,0.3446,0.30395552673146553,0.3858117035674556,0.6328762697652963,0.4525930157012028,0.7226059642974052,0.4525930157012028,0.7226059642974052,0.43119459949397837,0.6708451628681095
2026-08-05,12,1.1974459145067227,0.2926414250354249,0.3427,0.3750093169465637,0.33169775720103567,0.31197020068431663,0.534082485930258,0.350613794128843,0.55677289963078,0.36860952741033004,0.5850079409778903,0.34422186778435193,0.5475036727316588
2026-08-05,6,1.73546854329982,0.2369997130834731,0.344,0.4531759101496101,0.3919607772926916,0.24474637835142382,0.4517075001987976,0.31387252392385023,0.5051612534475267,0.3607221594869641,0.5617052638391252,0.3361109783856584,0.5302866919197444
2026-08-05,3,2.422584246540245,0.3509672275282947,0.3475999999999999,0.5410273401153146,0.462077079747649,0.09184567639293588,0.25848641181351234,0.08924743682893371,0.23731903579251581,0.18819902271494937,0.3701793545659828,0.1505971761458429,0.3217064290747474
2026-08-05,1,3.347252350878199,0.4036971150138169,0.3457,0.632475354541506,0.5254357993874323,0.0037194894882222338,0.04730096061796425,0.0010061875231775744,0.022685124507000734,0.03759287134140916,0.14761309972417255,0.01756947255183948,0.09842326947212901
2026-08-06,24,1.0000000000000002,0.2790211217518496,0.3433,0.3433,0.2869056457381221,0.2557895688064112,0.49509275254709084,0.33879046022491155,0.6064196554893884,0.33879046022491155,0.6064196554893884,0.274691461711203,0.5033236462090955
2026-08-06,12,1.1964714761902782,0.2631925335256321,0.3450999999999999,0.377481901486839,0.2736284243047517,0.08254154611100907,0.24755649143029834,0.1587242053337415,0.35579931873608406,0.19010462050998908,0.4038925410901631,0.09285981726606446,0.25061748162711717
2026-08-06,6,1.7277207458619734,0.3025061675863256,0.3450999999999999,0.4536090737462085,0.32849577207482245,0.017434101884061914,0.11323002219212837,0.032485414555244785,0.14308903442462348,0.0903407914509533,0.2630146938691282,0.026024118392488513,0.12612928753823538
2026-08-06,3,2.4029108060593676,0.3180502907609666,0.3465,0.537120915553287,0.3865569774500263,0.03492632012851449,0.15200138578668293,0.04642338680795512,0.1653396842419219,0.13374587063819704,0.304157161671208,0.06415502100392582,0.19757514729249168
2026-08-06,1,3.309124413011333,0.4869969037712161,0.3465999999999999,0.6305000221801229,0.4534345158175434,0.00025636467039459593,0.014474922059582092,6.165402095453445e-07,0.0005554863175302296,0.002910268926797243,0.04024031027584121,8.156017178781341e-05,0.006434743397007796
2026-08-07,24,1.0,0.285151093070345,0.3461999999999999,0.3461999999999999,0.24974251114212284,0.17820901017596028,0.42000534923451777,0.271667942104291,0.5429793576732214,0.271667942104291,0.5429793576732214,0.1340800639836609,0.3312012768262482
2026-08-07,12,1.2004144992583414,0.2742325645337428,0.3488,0.38215724064401657,0.27183246136031797,0.21842378658782302,0.422364118610015,0.28134923813991813,0.48809162465445927,0.30631633319542934,0.5251632733866786,0.21857519102779543,0.4047837906562366
2026-08-07,6,1.7268592098820557,0.3579717610014811,0.3436999999999999,0.45165622229413827,0.32636438992277733,0.01996611700698885,0.12482886248958605,0.01578964093632814,0.10357789838431139,0.0638991817413463,0.22612097812396179,0.01131626270202806,0.08643455283296039
2026-08-07,3,2.401252478622843,0.4854329190561783,0.3456,0.5355409034286047,0.3860557551557837,0.02894542714297201,0.1449657702501858,0.004247777838714851,0.04764448546181241,0.044718920945089086,0.17359166675282495,0.008854660114879903,0.07020684071753594
2026-08-07,1,3.2810581573203383,0.6283890543716959,0.3414,0.6184014240167857,0.4267644435043154,0.0007857920931635034,0.025089123301355383,1.4707516923818608e-09,2.973466800796499e-05,0.0006283871595923919,0.020515706700821274,1.0224224286480626e-06,0.000804271197516234
2026-08-08,24,1.0,0.1991873220391854,0.3404,0.3404,0.23562347769842654,0.031203780029900152,0.16139112613652198,0.2245566309933626,0.4931099756838272,0.2245566309933626,0.4931099756838272,0.06988370021672181,0.24174934248570545
2026-08-08,12,1.204643783196852,0.1886598371432749,0.3387,0.3717444714870736,0.2540334251014212,0.001238842703747053,0.03128408501668024,0.07276417162443251,0.24863042305416846,0.10430823704181971,0.30627693652889637,0.015815272148413155,0.10804112772111713
2026-08-08,6,1.733256801209645,0.2422531248857299,0.3395,0.44696265193148293,0.30348146316395413,0.0003603008660300166,0.017034480037225654,0.010417794269178314,0.08701631633429781,0.05323258562379887,0.20876008516287495,0.004170040804891049,0.05416685639553084
2026-08-08,3,2.407515590971002,0.3057831866477112,0.3393,0.5264636783079961,0.357757493770182,7.412889223325606e-05,0.008012060886697285,0.0003092723687777345,0.014438866910567059,0.019628089149924213,0.1214449740019524,0.0006137714693192277,0.020407704582427376
2026-08-08,1,3.271304936344492,0.4865413894767849,0.3411,0.6169390123932689,0.41742583777774805,7.435122320237483e-05,0.008024115270048168,3.541890029979222e-08,0.0001334875905368416,0.0011548630601334211,0.026127915131059835,4.262634777179929e-06,0.0014827478572939819
2026-08-09,24,1.0000000000000002,0.1804055540362631,0.3411999999999999,0.3411999999999999,0.2304473194330553,0.017580856632495364,0.11392706968708029,0.22486978052116277,0.4943484360513744,0.22486978052116277,0.4943484360513744,0.06352226077040014,0.22901843377417413
2026-08-09,12,1.20395984355718,0.1967321480787166,0.3459,0.3795391345430872,0.24240651863938542,0.004890082419768161,0.05762491335275282,0.09400408359391806,0.2797609414856422,0.12741306279568457,0.33688833779708766,0.019149966032739465,0.11211166719487738
2026-08-09,6,1.7321766021346754,0.2083238655020276,0.3438,0.45248267610685305,0.28551030521785453,0.00011603539428129852,0.010030174359937357,0.013850553949713884,0.09829339782347768,0.06090455153320377,0.22211878993465722,0.0033418885701554414,0.0462334866240285
2026-08-09,3,2.406033619314851,0.3065594907880394,0.3432,0.5323510621128577,0.33476321967642064,8.275354235953001e-05,0.008497926670390784,0.00037823792430860103,0.015878529569863103,0.021292358894578492,0.12659069729808092,0.0002708442182494018,0.01341081946635505
2026-08-09,1,3.2609107277573455,0.4203792328161835,0.3461,0.6249871009194242,0.3930820486289148,9.462113696758208e-05,0.00902261759963753,2.6012502806642196e-06,0.0011411343925118425,0.004277434318736392,0.04825187387469664,2.603252217008797e-05,0.0036152029068530775
2026-08-10,24,0.9999999999999997,0.2658748844870932,0.3465,0.3464999999999999,0.21765763056891302,0.12662300650912534,0.3472513708760401,0.24547701512400594,0.5188905314383457,0.24547701512400594,0.5188905314383457,0.06384487192862914,0.2204636515190475
2026-08-10,12,1.201570459053506,0.2809515667072045,0.3468,0.3801488754255039,0.2346713485191287,0.02913204566316747,0.15365794761724005,0.07980938204351654,0.26231907870303994,0.11256327514225925,0.32054108844254553,0.008800442857468196,0.07965537393579
2026-08-10,6,1.7245986388268086,0.3066290177389473,0.3468,0.4554315450156846,0.28032484676366315,0.004709475977079717,0.06006424074265002,0.012296745251709313,0.09474503045339032,0.05833167715231309,0.21950770750137094,0.0019858474608388885,0.036945493193552115
2026-08-10,3,2.394195862679503,0.4024639280989212,0.3546,0.5486792916089703,0.33089283255602514,0.0033904247393436743,0.05013837799060807,0.0009950947977403635,0.02441325757340517,0.029143635703873384,0.14684202040767255,0.00045640142170306943,0.016291117470987434
2026-08-10,1,3.221850964924192,0.4039934164252306,0.3584,0.6433106253444387,0.34302071641864607,0.0003334790559636465,0.01600834586098735,6.176462286096024e-05,0.005572693890087188,0.01263919980967239,0.0834195911450731,3.1807171915761536e-05,0.00399590536461586
2026-08-11,24,1.0000000000000002,0.2704658659090048,0.3618,0.3618,0.1921024765898817,0.7602760361770721,1.0237312745559357,0.6551447745143527,0.9719772547699878,0.6551447745143527,0.9719772547699878,0.9112966342218233,1.1313674770043984
2026-08-11,12,1.202172158093321,0.2065067487538266,0.3597999999999999,0.3944977148032865,0.20714310862208132,0.7765301329920495,1.0116009116784797,0.6365133078714775,0.8549771227767167,0.6174663760331308,0.8503875744277991,0.7745503733877889,0.9738403290034681
2026-08-11,6,1.7271336103308645,0.238598592469989,0.3593,0.47219369633101027,0.24518542631769277,1.192587461195779,1.5202423336296296,0.9454059243076284,1.1676955766077082,0.8130651198128308,1.0406632294164289,1.1733374838048016,1.4522410310391642
2026-08-11,3,2.402300939309477,0.2777066281496191,0.3579,0.5547220176461491,0.2880753491488479,1.4143645815432204,1.8762587329281641,1.2176651098584206,1.5155111129766705,0.9440024011422686,1.1717491977754866,1.3844354811531765,1.7837711542918686
2026-08-11,1,3.232847914569247,0.2747015987673365,0.3596999999999999,0.6467449926632131,0.33131853387014965,0.024112133159025426,0.11993943910505546,0.06053219082557672,0.19112604626606097,0.18001422714558116,0.3567088883287243,0.04754259594035029,0.16744803918796525
2026-08-12,24,1.0,0.2928898957873956,0.3616,0.3616,0.18516144746337582,0.2501690885319522,0.4993079362185395,0.3379517491892428,0.6144772541140596,0.3379517491892428,0.6144772541140596,0.13995960388912337,0.3100899476749159
2026-08-12,12,1.202782556902183,0.3480360426201876,0.3592,0.39393982586504717,0.19576469217839607,0.3361026722053444,0.5606005245979622,0.36149480685818003,0.5709778392880881,0.3765887364039337,0.5982178569983365,0.25912847396481525,0.44623352225841306
2026-08-12,6,1.7272067285141601,0.2644188661747491,0.3594,0.47233511462005373,0.2395091238416351,0.7100452409019704,0.9356030429065276,0.6484742713992421,0.8439801690877002,0.6037462789020869,0.8112054836319823,0.733500485227905,0.9303895733636368
2026-08-12,3,2.4129270683052764,0.4175220490832546,0.3609,0.5606075982927372,0.2803853016537966,0.7063244476618263,0.9252504732456268,0.7415174866063005,0.9388008216645695,0.6462311542846637,0.8440724290586963,0.818332975857503,1.0207106770094148
2026-08-12,1,3.188490729657305,0.4729810686563069,0.3589,0.64086423833717,0.3405616281136723,0.001180043776769968,0.028170876966696335,4.124974009387364e-05,0.004551808561753181,0.010384561515467244,0.07518840688768609,1.784492202162774e-05,0.0029915195872153837
2026-08-13,24,1.0,0.2725717954091022,0.3586,0.3586,0.19067314052382553,0.1707324090093809,0.3970346093791449,0.2864702365667937,0.560489943972603,0.2864702365667937,0.560489943972603,0.07538721246529609,0.2223107139419166
2026-08-13,12,1.209836794068461,0.2773713597591967,0.3555,0.3910236265158035,0.20924735593794916,0.1735077711640212,0.3646431135879093,0.23902336379768488,0.4435187188649368,0.26615043761812934,0.4846304785898874,0.11190392886683101,0.27013353049730615
2026-08-13,6,1.74037462109069,0.2419555197029252,0.3532,0.4659529500614548,0.24650148467642877,0.1735729490101588,0.3590126349406234,0.2523311299963825,0.43974573651053744,0.30697770269059343,0.5075066867410274,0.17744220084093054,0.35362777264232753
2026-08-13,3,2.443548528949592,0.3456416146580016,0.3532,0.552117075843619,0.29466580451943164,0.10471462099349939,0.26830193653870754,0.10901901800102302,0.2658968426841024,0.20701033708227942,0.39142278804559294,0.07367372856198529,0.21310597832650735
2026-08-13,1,3.168176428371036,0.2943592760352032,0.3544,0.6308097429260965,0.32963928219270366,0.11694638679698767,0.2817922783957174,0.15692654432828512,0.3286609726428287,0.27508287102341866,0.4634157604738433,0.14115260384041806,0.3087858753196376
2026-08-14,24,0.9999999999999999,0.2812191541390079,0.3536999999999999,0.35369999999999985,0.19109751184961546,0.18499924285664363,0.41084277934228286,0.275241020129456,0.545730586889347,0.275241020129456,0.5457305868893467,0.06941728792522833,0.21319682962513992
2026-08-14,12,1.2123364691873066,0.2537225855948384,0.3461999999999999,0.38118749796658047,0.2122067059289323,0.03337053652587046,0.1551526839191098,0.1033150421459193,0.286405903450317,0.13583406894771172,0.3413210596934357,0.014518304762677747,0.09112517574479717
2026-08-14,6,1.7422640557393185,0.3343116372089874,0.3388,0.4471985534795726,0.2568368021994195,0.013376596312961004,0.09977115374495017,0.014624533015737351,0.09680967603095376,0.05886936937179178,0.21241364738994917,0.0018968412675173826,0.032392390513425746
2026-08-14,3,2.4505239841565487,0.420112221600993,0.352,0.5510260644769293,0.301155172360576,0.008790071352633932,0.07696104113612844,0.0024204150417409635,0.03598285502959339,0.037705134978498825,0.16046265785975372,0.0005535670990617645,0.016868241761524846
2026-08-14,1,3.24305003960075,0.4043357589013795,0.3494,0.6292159536538102,0.3421419002064596,0.00024084343668253364,0.013013196651361303,2.9883316794263705e-05,0.0038729355790138105,0.009846212535314293,0.07306093161694137,2.1284722625947275e-05,0.0032675966153659004
2026-08-15,24,1.0,0.2023023904092661,0.3492,0.3492,0.19465239526335795,0.027111861384970726,0.15038850969094544,0.21907226740723984,0.486371732454552,0.21907226740723984,0.486371732454552,0.021324252614528562,0.12695758525172474
2026-08-15,12,1.2169214890618185,0.2036903825910441,0.3471,0.382900464999718,0.21521924382709368,0.0022328797192136627,0.04150393249032971,0.07127828439522797,0.24539170130284427,0.10422555854921207,0.3058330746955999,0.0034910540130875405,0.04886980628197165
2026-08-15,6,1.7461707093779488,0.2690418974646478,0.3481,0.45998892218355314,0.2592634116769255,0.0010049155304700356,0.02824191735318595,0.010148530188052824,0.08557240404795732,0.05295633938128682,0.20791910614683032,0.0005955855357590571,0.019955366582243693
2026-08-15,3,2.46342049671127,0.3450511047420214,0.3500999999999999,0.5494920153342587,0.3078628280070631,0.000394235521961128,0.017085842773722795,0.00036324588088694037,0.01533904035432759,0.02174999878979692,0.12766365914490146,5.6098295128596865e-05,0.005932871966377479
2026-08-15,1,3.3085983474732585,0.5298766334742623,0.3492,0.6351791873116055,0.35607711426729405,5.5113530148218605e-05,0.007000028583543455,1.5266776512286354e-09,2.947318235531076e-05,0.0006188683005237331,0.020249819412695907,3.0001823703744447e-09,4.145584081812093e-05
2026-08-16,24,1.0000000000000002,0.1601651384887823,0.3489,0.3489,0.19580888105572364,0.006422400087834337,0.07096623177212667,0.22124120852746032,0.48846524360395216,0.22124120852746032,0.48846524360395216,0.024718495962846865,0.13506852692198984
2026-08-16,12,1.2172824123187942,0.1848685346329515,0.3515999999999999,0.38792211596379084,0.21542022848704848,0.0013083018798219395,0.03176470740774571,0.08013086401362969,0.2594670148140667,0.11415748190269445,0.3200843748102251,0.0049337179870962205,0.056069536608547924
2026-08-16,6,1.745186404232195,0.2413639282741637,0.3531,0.46646453268922006,0.2580610083039661,0.00022437671407515535,0.013557827558011918,0.01105129364552579,0.08974266359260874,0.05614235504411617,0.21504390514556773,0.0005274174016749496,0.018929260944114186
2026-08-16,3,2.4619461093038653,0.3288480388394985,0.3529,0.5537209170316664,0.30618130809925914,0.0001538035088465447,0.011000110918679815,0.0003559193249969583,0.015431121890444039,0.02225005405091484,0.12972072405462826,4.185302175569217e-05,0.00524355551787856
2026-08-16,1,3.3072037967677623,0.5010210018607781,0.3539,0.6435925994283773,0.3510914691437195,4.8066428795657764e-05,0.006491907943525268,1.7860818720208416e-08,9.528197990791857e-05,0.0010518463209901686,0.02541455530104062,1.4061869577970708e-08,8.450210708656828e-05
2026-08-17,24,0.9999999999999999,0.2203971849148667,0.3517,0.35169999999999996,0.1930919920002322,1.4723957764084397,2.251291798606495,1.0000580010565119,1.5046227153222387,1.000058001056512,1.5046227153222391,1.5902430312330404,2.3951080766938513
2026-08-17,12,1.2121427076011466,0.2413136163921529,0.3486999999999999,0.3839094689355801,0.21442585053198288,1.4186150676341482,1.9272088166227241,1.0949036031228958,1.4239585462669835,1.0180712015218782,1.3496094519430968,1.5149017283206776,2.0506486694194286
2026-08-17,6,1.734083147960898,0.259272263898767,0.3395,0.44706918609400953,0.254318140275601,1.7752804258509793,3.0846683204750907,1.550514757241992,2.161592597943696,1.2871765273535185,1.7131137345819019,1.7848813317751941,2.9016958223449363
2026-08-17,3,2.437246465164416,0.3298890616135611,0.3450999999999999,0.5387591807985785,0.30507755878665427,1.5287283819462891,2.111572819862629,1.4914182698099614,1.9919523640545187,1.1444473193913427,1.4261318999008787,1.5928583387342041,2.229629445229863
2026-08-17,1,3.268014941245842,0.1737260243746544,0.3434,0.6207865623585135,0.351505034264913,1.2616327786885762,1.5920461697222315,0.87541081374031,1.0835062098043358,0.7010891556363101,0.8966588164219096,0.866197310197772,1.0732437491022688
2026-08-18,24,1.0,0.2448751088674146,0.3425,0.3425,0.19390655904110166,0.33227893118031526,0.5559460590464601,0.4156083058976806,0.6828887208838901,0.4156083058976806,0.6828887208838901,0.2928294419538861,0.4851053477091381
2026-08-18,12,1.2129947023662697,0.2383302387439445,0.3461,0.3811808299899552,0.21245310080751184,0.2787818908691406,0.4857519862138747,0.3512642479366252,0.5583651489292922,0.3707677711823345,0.5894167374518999,0.25680426465407796,0.4438390545457369
2026-08-18,6,1.7397069064753585,0.2107182208014918,0.342,0.45109098706245937,0.2538382832397983,0.19765911885862694,0.3865829203868343,0.2953311002105923,0.4856795059665778,0.345854904351198,0.5463442419067337,0.23718994192871962,0.4221770768605973
2026-08-18,3,2.440189884393246,0.2354176731236087,0.3436,0.5367412415063292,0.3008970810849055,0.08477409966355932,0.2382192137196571,0.16518752352241034,0.3388294384852958,0.26249362911031016,0.45238867188741716,0.13582271174985389,0.3019139772658944
2026-08-18,1,3.2691170423104894,0.4419539952604317,0.3479,0.6290275450542647,0.3505899360926415,0.00021124489131622729,0.013000183087974498,4.059751902318111e-06,0.0014257828653042135,0.005113534642691089,0.052755908304234815,4.713529473249708e-06,0.0015363925904366893
2026-08-19,24,1.0,0.2400172814722765,0.349,0.349,0.19368849121293946,1.6051282827414894,5.821071561179301,1.4258114571096188,5.3753687291321715,1.4258114571096188,5.3753687291321715,1.7543304172339682,9.210340371976182
2026-08-19,12,1.2156432516808118,0.200748452535423,0.3464,0.3819275220158997,0.21148755708141848,1.6010146431010215,7.620214770574455,1.5174721739289494,9.210340371976182,1.493961118463969,9.210340371976182,1.6179178756160315,9.210340371976182
2026-08-19,6,1.7491225181682986,0.3023114865357305,0.3472,0.459187261866604,0.2486532914425074,1.6518181818181819,7.3395376954076745,1.636064947839542,9.210340371976182,1.5558177675919522,9.210340371976182,1.7390291856705709,9.210340371976182
2026-08-19,3,2.457750471580533,0.4367813825865661,0.3482,0.5458806007598657,0.3005756945645688,1.872904103329219,7.6128310304073565,1.9588898213416264,9.210340371976182,1.7607800757525578,9.210340371976182,1.9840407789099586,9.210340371976182
2026-08-19,1,3.189737627968584,0.5649419037244876,0.3902,0.6968908234963994,0.3709630525546702,1.5065961262918162,7.605392364814935,1.524539723839927,9.210340371976182,1.5080031038573192,9.210340371976182,1.5270380887366544,9.210340371976182
2026-08-20,24,1.0,0.4124693212430104,0.3858,0.3858,0.35058125900666226,1.291645495636307,3.7000414167793068,1.360609831968675,4.91058328069739,1.360609831968675,4.91058328069739,1.3993057305273333,5.610082715322552
2026-08-20,12,1.302556663740441,0.408665698068713,0.3713,0.423763221737501,0.42287907155520316,1.4074193012896776,3.4960106670463187,1.5329240904973795,6.277013710815918,1.4620159979338814,5.197738232762058,1.4631183793011036,5.212850718381726
2026-08-20,6,1.929625449745397,0.7670651387807992,0.3793999999999999,0.5270281779974513,0.577835540692834,0.5214708840496579,0.8182766710430154,0.7560299455170769,0.961282431625487,0.6504194241801303,0.8832348796829536,0.6204681813264136,0.8664258361320565
2026-08-20,3,3.032801223940203,0.8235809691548346,0.4000999999999999,0.6967717346852983,0.7229802158248967,0.5192691201281034,0.7591494736104987,0.5773249208687239,0.7707299147106889,0.5304823464096389,0.740605522992137,0.5257437959427498,0.7392442602533115
2026-08-20,1,5.501276941701286,0.348957984752386,0.3932,0.9222427788576796,0.9754853349685098,1.099599131846195,1.3847992200489403,1.0294158363802306,1.2638341844927627,0.7108502466189804,0.912368973445401,0.6961822883666821,0.8998570726116075
2026-08-21,24,1.0,0.5011448721089847,0.3914999999999999,0.3914999999999999,0.41790050442051707,0.28210393668630707,0.5523500742090062,0.2565761224208958,0.47659500420608414,0.2565761224208958,0.47659500420608414,0.2614188195216999,0.48945425763006
2026-08-21,12,1.284803544957773,0.5330853343632154,0.4073,0.4616711893509361,0.5131783205320457,0.0035667433974406614,0.0494620316128686,0.0002741567429889488,0.011786094222527159,0.0010414721608811251,0.02315185044591956,0.0025996572059786274,0.036986987208150496
2026-08-21,6,1.6268709161506731,1.2875383630740989,0.4436,0.5658066990379391,0.7001399833441381,0.00021201330966927196,0.013039302097787225,6.278588023430093e-23,5.602962538391474e-12,5.3440763285001945e-15,5.169188943930366e-08,1.5030608760348103e-10,8.670475202450482e-06
2026-08-21,3,2.524994594143478,1.5797259436629572,0.437,0.6944031196999232,0.8899745161982241,0.00016237221850944343,0.011508758501304613,5.8966498379066426e-36,-0.0,1.3581943019687824e-15,2.6059498454509616e-08,2.401592399400945e-10,1.095879537290671e-05
2026-08-21,1,4.616553797971073,2.598287663256777,0.4243,0.9116580731612557,1.2034563437024206,5.687268012010576e-05,0.006986056356836871,8.01877473617164e-114,-0.0,9.328816708999525e-27,6.827871601444946e-14,2.2274185191218405e-16,1.055324411209593e-08
2026-08-24,24,1.0,0.5179782281267128,0.4192,0.4192,0.5944670339472639,0.007369306588849167,0.0708215398823231,0.0016589238079903312,0.029647025865960828,0.0016589238079903312,0.029647025865960828,0.01486857615516204,0.09684295194384047
2026-08-24,12,1.3446735147447832,0.527617899237417,0.4284,0.4967728902468605,0.7008255567947982,0.0011673260265895333,0.02834197800227497,0.00010553986927075491,0.007298411812527879,0.0006174503826997924,0.017808736981078797,0.008740334486138908,0.07117060350783426
2026-08-24,6,1.5725305144277468,0.8946980381936467,0.4364,0.5472481255508983,0.761567463777038,0.0011173906416704713,0.029060161151580343,8.415118397313481e-10,2.051256617761201e-05,5.855417926923352e-07,0.0005412846327953785,0.0001804265067381733,0.009593675823168737
2026-08-24,3,2.3385795204731443,1.5577729719991873,0.4345,0.6644554253785614,0.9391320146063391,0.0002004900868790353,0.012012156448003434,7.125606061009731e-34,-0.0,9.500195087625171e-16,2.1794722042584527e-08,5.92946849572289e-09,5.446370753953265e-05
2026-08-24,1,4.1926467766428415,2.4181272421396853,0.441,0.9029895557359878,1.2719534070433403,2.725416065733015e-05,0.004990030314534293,8.602429730545691e-105,-0.0,5.041863465651349e-27,5.018208071305834e-14,8.46718519437876e-15,6.506614026085552e-08
2026-08-25,24,1.0,0.5754591320345909,0.4396,0.4396,0.6214157974061272,0.00043636944565795545,0.019048194970694588,7.571197967382371e-06,0.0019589439465806206,7.571197967382371e-06,0.0019589439465806206,0.0008079931480005683,0.02126192561173016
2026-08-25,12,1.344310724140432,0.912072946209173,0.4451,0.5160685887025723,0.7298385291527774,9.634044638728173e-05,0.008986580697846133,6.187002716822564e-14,1.7588707138799558e-07,6.39230626208488e-11,5.654896771644729e-06,1.8635994979023095e-06,0.0009754286981628413
2026-08-25,6,1.5857024018507886,0.9763605761572194,0.4327,0.5448760729283474,0.8044945509742034,6.398707957016545e-05,0.007498160598825089,2.5821895556653544e-18,1.136263528357892e-09,2.198062344450887e-12,1.0483540306596382e-06,8.934083943453262e-07,0.0006702092521354331
2026-08-25,3,2.3408347628594206,1.2903829896056342,0.4292,0.6566668496811057,0.9775926864924184,3.3233599466675076e-05,0.005493147395804593,2.7778226632814753e-32,1.1102230246251565e-16,3.724192320601718e-15,4.315202011119662e-08,5.418916420418138e-08,0.00016470028953482672
2026-08-25,1,4.086258020840256,2.3010021242315037,0.4343,0.8779155113820669,1.2928127446605837,2.7363013911604147e-05,0.0050000104167056405,4.159333032328424e-98,-0.0,5.268576828143472e-26,1.6231460620021106e-13,2.974124856883152e-13,3.8562564016656575e-07
2026-08-26,24,1.0000000000000002,0.4696486929503402,0.4306,0.4306,0.6398124596935352,0.08361334959032243,0.2590056981913684,0.07309943873525458,0.22547415491484368,0.07309943873525458,0.22547415491484368,0.12938408301193188,0.3427749289553338
2026-08-26,12,1.3421961616962594,0.3896774165384291,0.4274,0.4951565337609296,0.7486866958241815,0.05676172166107631,0.20394235903023208,0.07195569616887942,0.2139632443568879,0.09704364343740077,0.2581155228859055,0.15873708952342497,0.3759552837964327
2026-08-26,6,1.5775624435987796,0.3826235907708076,0.411,0.5162203265420197,0.8134940156857634,0.1642736719798264,0.36013429999548197,0.17963649683470023,0.35741790887705865,0.22409109826676826,0.4147461607551823,0.2717740063098939,0.508953176472318
2026-08-26,3,2.332972544864669,0.4887394810771655,0.4122,0.6295972195378597,0.9888871732023667,0.21411358203437947,0.4190093332159217,0.17673369528539468,0.35280558709613224,0.2628401250986101,0.4541339438021005,0.30737301223558144,0.5364198275202868
2026-08-26,1,4.021124683939524,0.6079428605089229,0.4050999999999999,0.8123365851627181,1.2882211503103493,0.8760525930647955,1.1010930639418723,1.076216823157424,1.3226015087650296,0.7725066052302507,0.9763937699195898,0.6240159637493554,0.8678838612200456
2026-08-27,24,1.0,0.3775954930993672,0.4002,0.4002,0.5773001874426438,1.1460497897510316,2.375894874337796,1.1162607911366547,2.2599711109659597,1.1162607911366547,2.2599711109659597,0.9325710726579293,1.895288460978725
2026-08-27,12,1.3406600081142324,0.3584733508587713,0.4004,0.4636106416018457,0.6576109685281586,1.211179974775513,2.0626666455677785,1.1312557710082554,1.8669719029110525,1.0203316384362364,1.7010462720811144,0.8475553139967236,1.5269511258534367
2026-08-27,6,1.5754132438188535,0.5757181976332814,0.4232,0.5311814560398807,0.6772080643168945,0.5117305113572543,0.8059575555469504,0.518181707206349,0.7354537273705729,0.5213697760043892,0.7853941855307038,0.5394739302038873,0.8829888358474048
2026-08-27,3,2.3300270965767673,0.5556775390362733,0.4113,0.6278258528965646,0.825099629269023,1.2512496930621697,1.7848321777954888,1.5296153183383898,2.1416635513059505,1.1143563043192097,1.535044824439277,0.9024752893845007,1.3409399637126371
2026-08-27,1,3.962774579836278,0.4470391019218528,0.4197999999999999,0.83568406007575,1.0821508057277398,0.1780738288323985,0.3762232585136669,0.16336298243780148,0.33659215365597933,0.3077147424493454,0.5040174741276837,0.36216733740835716,0.5841515426337544
2026-08-28,24,1.0,0.4571228930583179,0.4177,0.4177,0.5398488013090658,0.6158558680952535,1.1200970021472743,0.6203558821693872,1.0719843275462624,0.6203558821693872,1.0719843275462624,0.6459753917645495,1.2122577502735163
2026-08-28,12,1.3405700584779225,0.5603088388997667,0.4065999999999999,0.47077363402911404,0.5954911357521089,0.4621014291084156,0.860374111131415,0.4135291495728084,0.6912021102110376,0.44809562918719015,0.771812670967451,0.5130924398598756,0.927022381430091
2026-08-28,6,1.5783876761751436,0.5555737251222976,0.396,0.49751024293684787,0.5140057868871557,0.2357074780850093,0.5286817784281468,0.10235543309324649,0.2874563901584746,0.1899122919630419,0.42950108602457754,0.20458884485652898,0.45204749547614287
2026-08-28,3,2.335588847421628,0.7010705431016907,0.397,0.6067205474131195,0.6030238389113587,0.21196919477526885,0.47633122397679606,0.053905276612222525,0.1834368883166963,0.16500611660495493,0.37334358940337903,0.16284518288193892,0.36993525395409377
2026-08-28,1,3.928359296682513,0.5508560692108425,0.3843999999999999,0.7618842228088495,0.7828174470296098,0.05468018080967004,0.19963586516365456,0.013108749960016694,0.0844251583968146,0.11848001163405639,0.2842437931564043,0.12503870544741652,0.2941325284219501
2026-08-29,24,1.0,0.3050318416302647,0.3924,0.3924,0.4099301384998308,0.7133666691112046,1.0966495795002609,0.6289405314603498,1.0490859991439998,0.6289405314603498,1.0490859991439998,0.6275080128731356,1.0648345572478044
2026-08-29,12,1.342835575763342,0.1640633854511127,0.3795,0.4397675696664437,0.4593270914977834,0.04461739321458006,0.18330146868030361,0.268239510425663,0.5200020098912298,0.32828201634306814,0.6178039141001823,0.3465902010465233,0.6486557610393654
2026-08-29,6,1.6016831852925666,0.1721641026856041,0.3747,0.47421141210072437,0.4849879760998807,0.05097931393794159,0.1907688119928203,0.2156920925968365,0.40938824980241506,0.28195003390946766,0.5084062039433234,0.2887435080354735,0.5193587907233487
2026-08-29,3,2.3938463836896196,0.1951431641335121,0.3726,0.5764889528610947,0.5918968184281028,0.009884248586473845,0.08209736218720085,0.09553033489268248,0.2475053677953195,0.2041385815250662,0.4050321660729487,0.2120751489966536,0.4168584451266948
2026-08-29,1,4.152125065414183,0.0998226903707963,0.3741,0.76229473704468,0.7801688424579377,0.6462097740746674,0.8549217854978628,0.5357851698958643,0.7289472410869893,0.5145716793928441,0.7094125175836866,0.5140033568781439,0.7093074045048322
2026-08-30,24,1.0000000000000002,0.2135539220370372,0.3754,0.3754,0.3831135707743829,0.6700825520109903,0.9305101428220189,0.5875824027314792,0.9722589170245377,0.5875824027314792,0.9722589170245377,0.5889806467893128,0.9819738106921669
2026-08-30,12,1.34331911336053,0.1704102204460528,0.3696,0.42837247704837433,0.4385627591927844,0.29834108500621276,0.5199640685633579,0.4264365491093432,0.6759877070117347,0.45507981979261464,0.7444559054289678,0.45998075411469874,0.7566950383398224
2026-08-30,6,1.6027359121045297,0.4287126177313295,0.3663,0.4637328939102818,0.4700569737602047,0.43957544144966054,0.6634657292878822,0.5045382810705227,0.7051838017539979,0.507855182641487,0.7352803578231775,0.5081719249376171,0.7380408114487891
2026-08-30,3,2.3893436384758395,0.3490992287339424,0.3696,0.5713092688599894,0.5748432755087155,0.00871040151877655,0.0811116548624413,0.012497358499477062,0.08835163819727804,0.09583517535116666,0.28270919766469815,0.09788736600302943,0.28635439015637865
2026-08-30,1,4.136175709302083,0.426023682751548,0.3676,0.7476098119445865,0.7525210540412322,0.0005035033775016494,0.02021291655585911,6.075438727515146e-05,0.005550554574539924,0.029792738800234145,0.14316816178601283,0.03077917615228464,0.14583069772435978
2026-08-31,24,1.0,0.2821252354281849,0.367,0.367,0.3700223846274377,0.23235287501257984,0.5296554883395481,0.37445988643561556,0.7195581208219086,0.37445988643561556,0.7195581208219086,0.37873690828348144,0.7265760053002659
2026-08-31,12,1.3306866595484206,0.3995813084691125,0.365,0.4210471828884957,0.422486021399405,0.6619929246081124,0.9844411433281286,0.6765672173108035,0.9452012766572059,0.645794582751926,0.9568388973389671,0.6452065284620536,0.9573773273540507
2026-08-31,6,1.5891616908203001,0.6967162467868928,0.3692,0.46542074386066595,0.4578410843382429,0.5531068601320314,0.8459680729572019,0.14010003923917724,0.323986391313527,0.21895353307911264,0.44440740795076394,0.2127208697110548,0.4349334332033631
2026-08-31,3,2.349986734894737,0.6674158400945187,0.3729,0.5716432619463069,0.5411833953770517,0.6129182235288341,0.8665000673711395,0.6111801692580607,0.8049918910832861,0.5716062169173916,0.7814262087763824,0.575956261234489,0.7806170530895133
2026-08-31,1,4.048379609187362,0.5201403599324586,0.3712,0.7468761338115881,0.6959449243042788,0.014589572109383586,0.09974696302531548,0.0014331378214823306,0.02713578853734233,0.06226921017129649,0.2018066365526273,0.049126930313497075,0.17542677045259883
2026-09-01,24,1.0,0.3373563897083871,0.369,0.369,0.34386225684075084,0.7761703192113591,1.2403047335733264,0.7243538688258828,1.1668983911080097,0.7243538688258828,1.1668983911080097,0.7466662036787856,1.1677384256067473
2026-09-01,12,1.3331701746789173,0.3476433294316298,0.374,0.4318315775315513,0.3802245964035566,1.024268362130894,1.5085119938441398,0.940868927337258,1.3409616414174947,0.8469251258313212,1.2688416340762676,0.9288771646494693,1.3308498202294858
2026-09-01,6,1.589462151682395,0.4821599122813292,0.3729,0.4701294733576336,0.4068611888560722,0.4138784440552125,0.6571288813707892,0.41347714184554074,0.6144296972357483,0.4345276313941393,0.6618968906349514,0.42127036897265024,0.6291688266398949
2026-09-01,3,2.34904577147964,0.6597104806107581,0.3818,0.5851694753875528,0.49376500912463267,0.5408897298429791,0.7778752510337333,0.5029210327638947,0.6963576819497831,0.498347286206121,0.7092183745862626,0.5002818328085141,0.6984520354708508
2026-09-01,1,4.001502775334269,0.3051533326771534,0.38,0.7601427502504174,0.6328543507629331,1.1096455312042315,1.397234301158225,0.983372855984328,1.2079927387951832,0.7247084684220132,0.9242267923479752,0.7772528236474999,0.9769919811253414
2026-09-02,24,0.9999999999999999,0.3279611437029427,0.3801,0.38009999999999994,0.3162803818181012,0.4984136586529015,0.8304357108405852,0.5042891918087005,0.8724540967026935,0.5042891918087005,0.8724540967026934,0.47136529327095267,0.7738381770699189
2026-09-02,12,1.3323305656114177,0.2517184514605458,0.374,0.4316955758349426,0.3562362980368242,0.14864459544231365,0.39582647927039566,0.28194433255564405,0.5303800522572554,0.3360543635189109,0.6206058329725944,0.26443316835023045,0.5022461816634844
2026-09-02,6,1.5776350816222078,0.3902701000594741,0.3709,0.4658650292980326,0.39051113650873537,0.0823923583319611,0.27022285108001254,0.06835530238996598,0.2283181074797132,0.14447775529043402,0.3614217895187735,0.08256147214691487,0.2556512742741032
2026-09-02,3,2.3305277965223867,0.455700569593039,0.374,0.5709508788559358,0.47277854520565754,0.06335388043889942,0.22779529186048175,0.031593802668524386,0.13695376301962678,0.1246975600966845,0.31353072737568094,0.07283227097192363,0.223217774045305
2026-09-02,1,3.964234882161179,0.5646688297989207,0.3697,0.7360869867109219,0.6124511828702527,0.0017821680959868515,0.03750760747912056,3.1838094539901017e-06,0.0013548915684816422,0.015566578899795944,0.10640180810125864,0.003783733062253653,0.0506402052323653
2026-09-03,24,1.0,0.304905199045713,0.3689,0.3689,0.30762550775837016,1.3461804679565552,3.710151589389476,1.2825736492083393,3.3449228309024055,1.2825736492083393,3.3449228309024055,1.3837647565338071,4.154294033686571
2026-09-03,12,1.330176490710018,0.3357577524427677,0.3675,0.4238497949432733,0.355565571770396,1.407349709895382,3.738661190005663,1.4228114042929947,4.1362490110134305,1.3510775759256268,3.4709314113969736,1.4370749811126384,4.31665825937881
2026-09-03,6,1.5763072171525965,0.3737853505540933,0.3725,0.46767775048641125,0.37890682018722055,1.4918511267727115,4.085976312551584,1.5528330739923115,6.971616260495751,1.4795693105066667,5.022079059146626,1.5481606765625835,6.795522608982571
2026-09-03,3,2.3218005562035358,0.4998213216225991,0.3762,0.5732330827067698,0.46779619119352844,1.4765137400020936,2.6525474167795227,1.7669397502134159,4.924250136874796,1.4723288185802277,2.918600857403245,1.6301119645478208,3.70483310999008
2026-09-03,1,3.8404759912912976,0.7658646421459555,0.3954999999999999,0.7750665872534968,0.6626674625502496,0.08780864436728876,0.24969874881736043,0.005556356919399177,0.0541546683291405,0.09100830373578038,0.2492852540851423,0.05812290457107721,0.19032114915806217
2026-09-04,24,1.0000000000000002,0.5167090142645727,0.3926,0.3926,0.34544422650687284,0.7915628994882866,1.4893117081691534,0.9388109915047606,1.660220815274312,0.9388109915047606,1.660220815274312,1.0179606463658137,1.7732912414544868
2026-09-04,12,1.3436037720401597,0.4777271967634984,0.3853999999999999,0.44673226215379214,0.4027807378037448,0.8875575602708066,1.477048724388355,0.9952473155365057,1.4895456469563877,0.8920933562754962,1.3913653987403605,0.9616312777745554,1.4554698776504171
2026-09-04,6,1.6390308748167273,0.4651187937113982,0.3778,0.48367709436180256,0.4469772433144996,1.2480632956573467,2.1041341542702074,1.4563292576863969,2.3750396777428655,1.2019475953548506,1.8956180600895498,1.2802056519943201,2.0270235796891587
2026-09-04,3,2.4001409737363057,0.8117396882596767,0.3842,0.5952175611341332,0.5928304126072689,0.2985346479495332,0.590118211773206,0.0572781358909206,0.18820412282525695,0.16920900013148563,0.3748050847746139,0.16783651177482606,0.37265799063866906
2026-09-04,1,3.8050536667340302,0.7142574523629625,0.3763,0.7340313547459915,0.7499783487091288,0.015590719809637141,0.11352382629698735,8.424010619232689e-06,0.0022041371269110087,0.018369202361323472,0.11591769977820468,0.02099028496125575,0.12452315247071694
2026-09-05,24,0.9999999999999999,0.274564492491995,0.3745,0.37449999999999994,0.37112888441379904,0.26517434026253245,0.5468090404694805,0.40681106706288495,0.762520427157724,0.40681106706288495,0.7625204271577237,0.40269794178370766,0.7552157528101808
2026-09-05,12,1.3602245250016338,0.1484590740366019,0.3782,0.44108960698195404,0.42681167584230023,0.058167619393162784,0.20416949631982453,0.30203588009274124,0.5590259348257087,0.35953129230106384,0.6576950111787013,0.3469657609360217,0.635578611080492
2026-09-05,6,1.6985797918211851,0.1346565077999335,0.373,0.4861293118670069,0.4761892824140654,0.018459557991408793,0.11362299050361398,0.21071103422438067,0.4056858788235496,0.2890278281404272,0.5250085313825569,0.2824691816936589,0.5143639256306222
2026-09-05,3,2.4151460618061904,0.1560595390407847,0.3753,0.5832439799676868,0.5679275686703094,0.019947203170248458,0.11224285528076822,0.1753656818306555,0.3518191572508154,0.279211789205723,0.4887063814768593,0.2724518691052234,0.47864507804614453
2026-09-05,1,3.836012546602112,0.1858830351554391,0.3792,0.742691302728826,0.7136219221703195,0.0030463974742595567,0.04474564418387241,0.07423047874972746,0.21400193446597593,0.21669435353059385,0.4016116653870487,0.20779021716471358,0.3907434964047915
2026-09-06,24,0.9999999999999999,0.1795562722643164,0.3833,0.3832999999999999,0.3641799629826388,0.3048967377709418,0.5388587501986858,0.48479151337703463,0.8602012489450266,0.48479151337703474,0.8602012489450266,0.4704815581004944,0.8262855361798522
2026-09-06,12,1.3585750749741294,0.3133325610345495,0.3883,0.4525944372571497,0.42617390410533196,0.5508411531297629,0.7913545135254231,0.5136052672072453,0.7863258734526595,0.5198784366962974,0.8410905666719287,0.5163135511132936,0.8173231028873086
2026-09-06,6,1.6955788270660659,0.2049637131422712,0.3868,0.5036692739998946,0.4764813970828402,0.3109141537443817,0.5242353106759083,0.39461984957116675,0.5999161638103051,0.42723006215274895,0.6727736837499877,0.419959594137881,0.6539605242229483
2026-09-06,3,2.410660631799871,0.2464339538762042,0.3873,0.6013336881650617,0.5611881641021301,0.3440664329416576,0.5588829187197699,0.3952868659550688,0.5884776826473371,0.43301939629095487,0.6490129709608179,0.4272726964378107,0.6352806435814468
2026-09-06,1,3.825524712862097,0.2964611027195032,0.3876,0.7581048486760873,0.708700135473535,0.0025757278698166877,0.04195712698825461,0.013773850956278873,0.08663479474500248,0.11757559199688723,0.2828235345497238,0.1021674572863053,0.2593381667264708
2026-09-07,24,1.0,0.3179037756719609,0.3886,0.3886,0.362663347434829,0.3968445913725623,0.7159250007988839,0.47003139762303914,0.8469994892500237,0.47003139762303914,0.8469994892500237,0.44727245192394105,0.7981271531186981
2026-09-07,12,1.35631162299621,0.346166776002961,0.3892,0.4532654050822902,0.40837941729311006,0.26539558859422313,0.5267949928945088,0.3174420673155452,0.581460239341333,0.37376272953268896,0.6803010378597881,0.33488797130863235,0.6113747027923906
2026-09-07,6,1.692305941852032,0.3078477932841987,0.3822,0.4971988579019149,0.4535633502436009,0.04517813415631958,0.1892832955027534,0.0976202935052585,0.27596673840453956,0.1953506494469162,0.43491121084922196,0.1570789871395444,0.37509025991351064
2026-09-07,3,2.406769858275778,0.3386601046529413,0.3848,0.5969697780922808,0.5351216708166844,0.09304049869095521,0.26139008026964766,0.11952216454561432,0.28172783262033835,0.2335716868571921,0.4442395875190418,0.20158537018880507,0.3969865661970992
2026-09-07,1,3.813217280942645,0.4460358639200741,0.3876,0.7568843833855934,0.6625516977696725,0.000692173259346517,0.02340161557708168,0.00010189001481589191,0.007225823465205712,0.029855388142733422,0.14455087226685706,0.014298680796930887,0.09594980125825893
2026-09-08,24,1.0000000000000002,0.3091666533651096,0.3882,0.3882,0.340968204504562,0.2789564737870944,0.5892870402773535,0.4035757046483476,0.7680658564732544,0.4035757046483476,0.7680658564732544,0.3357698282882166,0.6575727326474164
2026-09-08,12,1.3530169565183299,0.3235151747453964,0.3892,0.4527145485142075,0.398594284077454,0.12955099999999997,0.3638434334173448,0.21582824538193118,0.47996755477921643,0.29624509611589744,0.6000294842599079,0.22816640175231565,0.4983313495177213
2026-09-08,6,1.6869635732362316,0.3626587272961516,0.3947,0.5126488398251259,0.43376204266557966,0.0670888624347887,0.24331606949679657,0.09198341443174994,0.2738219767271803,0.1962757019409791,0.44251719701148745,0.12480914107356832,0.33035591927775976
2026-09-08,3,2.400996651825594,0.4763425659340873,0.3933,0.6094242389157247,0.5180619693319132,0.1377044132106895,0.3344998493940087,0.09462757009942563,0.24753305171241916,0.21539653096013492,0.42750691224622345,0.16400519049765735,0.35132380422958864
2026-09-08,1,3.792320264656795,0.4025175745192175,0.3989999999999999,0.7770078368032244,0.6656007493063774,0.004676385324999524,0.05945362541132441,0.00399967764376287,0.04575616088922766,0.08006839850824092,0.23193752279301721,0.049711638140389175,0.17473968488375013
2026-09-09,24,1.0,0.3596848379910185,0.3987,0.3987,0.3424080249554711,0.35391548389461,0.7042503600372906,0.4132816571433352,0.7873880585197863,0.4132816571433352,0.7873880585197863,0.332851004274469,0.6561206192691764
2026-09-09,12,1.3555070031056664,0.3512136483075037,0.4028,0.46896490631897786,0.39346733902163034,0.2018132449058054,0.45830758948254413,0.2700189364489158,0.5415027057488283,0.3440269075198158,0.6571371424187583,0.2588828902314806,0.5245315261792504
2026-09-09,6,1.6830997742089184,0.424873341083846,0.4049,0.5252943234167914,0.44952439735527966,0.09832490494532095,0.30876694088631,0.08155157036765316,0.265201991709624,0.19012937485306045,0.4426092859033147,0.11965060149538533,0.33203571880634797
2026-09-09,3,2.402210297857899,0.5830292026990075,0.4058,0.6289520759117855,0.5401121387819593,0.2173137664794922,0.4468365699642012,0.13106721516797565,0.29797260063604547,0.24939664609178408,0.46858703497431226,0.20383988466953162,0.4003791651132155
2026-09-09,1,3.756730646067089,0.5936517574902634,0.4032,0.7814938277084994,0.6740930411186266,0.0033160880567064894,0.05053384377425881,1.8808553147861696e-05,0.003483793541799743,0.02551603791924808,0.13943326178820886,0.009536521554584086,0.08280301138380891
2026-09-11,24,1.0,0.3803257260988465,0.3952,0.3952,0.310244914735649,0.3667792474052644,0.7359041439252095,0.40168406137162627,0.7651310550087478,0.40168406137162627,0.7651310550087478,0.27815785826757655,0.5669195164940921
2026-09-11,12,1.3603850975545706,0.4446614728442772,0.3933,0.45872760890627456,0.3550443071064379,0.2684918271835633,0.5824584856704939,0.20902864474173014,0.4693187612567997,0.2902908800415082,0.5905712283323927,0.15953242129169137,0.3941575711080431
2026-09-11,6,1.6962698720045688,0.5450911311175461,0.3868999999999999,0.5039021414271403,0.3939837470583316,0.19507912686036122,0.47390226966139287,0.06037964097450297,0.22357430583652196,0.15769015908916037,0.39321174682005067,0.06538975289596445,0.23385680456838012
2026-09-11,3,2.368068031103964,0.7922356130110451,0.381,0.5863029280696819,0.42056576711099913,0.45067680727699727,0.724987786415604,0.5459111801777282,0.739399666687662,0.5242547690419733,0.7360147203806146,0.5406965760548702,0.7349411448909947
2026-09-11,1,3.644964733437799,0.6533959276550911,0.3788,0.7231970329175439,0.5626238161601229,1.714009267712678,3.0138833728116974,1.9760537720855136,5.1228916226198455,1.5965222948024285,2.3605106220833694,1.8114594348592785,3.092586611369518
2026-09-12,24,1.0,0.306399037518588,0.3731,0.3731,0.30712919148584217,0.3664016022174148,0.6758556834498842,0.45172881722347996,0.8041734925546663,0.45172881722347996,0.8041734925546663,0.39304166311558975,0.6809427838140303
2026-09-12,12,1.3731980465996525,0.1663235388938847,0.3677,0.43088385177660854,0.3647380869561185,0.008712085692999352,0.08301595069637403,0.19511749030380038,0.4391431158152058,0.27142743367645256,0.5553472601197043,0.1914601130909658,0.43352401294615256
2026-09-12,6,1.7514070584022956,0.1844285083742933,0.3693999999999999,0.48886668128221267,0.4117657495760611,0.003700873632401596,0.0512672523817938,0.08923043396892384,0.2568803061620587,0.18528781950495343,0.41515502982534186,0.12157176733422362,0.31295230911654415
2026-09-12,3,2.4695667965939356,0.2187287537103905,0.3669,0.5765780439448233,0.48878432924451437,0.0008601038624283482,0.026548015435711395,0.023061774613151058,0.11634180845616793,0.11595147518898719,0.3046538843072664,0.07029970938727967,0.22256804126885366
2026-09-12,1,3.794366650815866,0.3154665998211994,0.3684,0.7176113000509066,0.6056293634898636,0.0008730692890410297,0.025558895671586986,0.003035885329814116,0.03974040695298748,0.06870829705698082,0.20893486560931465,0.04041486560096544,0.1542784739527905
2026-09-13,24,1.0,0.1806940885634243,0.368,0.368,0.3109052944393193,0.09099344612101812,0.2673147696273471,0.38010920623891503,0.7203512064988069,0.38010920623891503,0.7203512064988069,0.2999814934765277,0.5892787849259685
2026-09-13,12,1.3727596525439552,0.1930456260819574,0.3715,0.43526732976046967,0.36226193886132707,0.012931056127115443,0.10021215040453155,0.18853475138693493,0.4349155250244739,0.2675329117934398,0.5541868679906192,0.17685026049433641,0.41698360312355415
2026-09-13,6,1.748934210900355,0.2653719341121813,0.3854999999999999,0.5098132504314244,0.4102196469757531,0.010331255871818887,0.0889360469210998,0.07057314256140895,0.23731890325229432,0.17509054953735517,0.41368705634063774,0.08921326139930204,0.2725715252499357
2026-09-13,3,2.465701471231787,0.3354008726477145,0.3859,0.6059614912773641,0.4873411049221258,0.006919821141133107,0.07657314353622961,0.015592645183986339,0.09858332600255154,0.1106866401519844,0.30674849525884945,0.04944177220006757,0.18958765738483369
2026-09-13,1,3.7844297617287257,0.477859457577853,0.3795,0.7382645328008189,0.6052718593750445,0.001428909107818219,0.03505616857306417,8.060166572625874e-05,0.006391360293899986,0.02521299577856324,0.12983098970369245,0.007841150546203586,0.06813829591885381
2026-09-14,24,0.9999999999999999,0.3047586928804729,0.3786,0.37859999999999994,0.3108310392997275,0.9707708573625529,1.5339303599259553,0.8432312727570834,1.3812167634181094,0.8432312727570833,1.381216763418109,0.9501228529581162,1.462287673288572
2026-09-14,12,1.3669499968099508,0.3221370925934296,0.3777,0.44159413731436264,0.37039881653184203,0.9124422663792899,1.286280152242656,0.7767083234027267,1.083624706025538,0.7192918211349685,1.0731457066189798,0.7852856447179141,1.087110419179837
2026-09-14,6,1.7387710111102628,0.2648202816954993,0.3801,0.5012092357378068,0.4211551001549133,0.3190676681381465,0.567334108933924,0.37475188947861177,0.5772820319481787,0.42066356947846967,0.6610122247308833,0.39125692843173043,0.6034709703243561
2026-09-14,3,2.451726317492767,0.4221372482025851,0.379,0.5934377978954312,0.5009257718256341,0.962165849006577,1.2611024821208245,1.0101680292843198,1.2417178679859635,0.7967492385145438,1.0327050168083642,0.8711908990073697,1.0927089618988037
2026-09-14,1,3.7457236620850187,0.4519751737310613,0.3765,0.7286732854845106,0.6258028666218175,0.014595799881636277,0.10021215040453155,0.004832160073746482,0.050403695681250305,0.08121219746685585,0.23002117078006554,0.05236502603448582,0.17804570651526283
2026-09-15,24,1.0,0.3351053269249636,0.3765,0.3765,0.3216174259804008,0.779515531113928,1.2425414144238298,0.7181192470855446,1.166570425654423,0.7181192470855446,1.166570425654423,0.7717781408260965,1.1734424112122117
2026-09-15,12,1.3642448821846294,0.3822224284583154,0.3875,0.4526034639621484,0.37757851053340713,0.32549128599376614,0.6031273300796007,0.3379240986891906,0.5948447732937145,0.38717397531941955,0.6865269931857955,0.3300373188622549,0.5808654639539618
2026-09-15,6,1.7346393592664604,0.4037031987380144,0.3929999999999999,0.517603433527392,0.42577853775332,0.07276295764722,0.2652996873189359,0.06410265025754347,0.23161065171480505,0.16979047624615362,0.4120923108253937,0.08911374833987966,0.27953705550482993
2026-09-15,3,2.449518221192917,0.6087553305813812,0.4042,0.632610864683414,0.5051832960782842,0.09511718908114367,0.3038262193733326,0.010445735429079754,0.08684033860205649,0.10750169915306802,0.31164074962996297,0.04116208123632505,0.180788222666618
2026-09-15,1,3.7066291424891875,0.4701083280219172,0.4100999999999999,0.7895494534912982,0.6213255899569844,0.6308121752769337,0.8539204011476971,0.6498218847918151,0.8439923952534916,0.5779438031964041,0.7732228639637676,0.5985845006393706,0.7921151009527119
2026-09-16,24,1.0,0.5415451071989843,0.4084,0.4084,0.325750274696219,0.6886891175990106,1.289667525430819,0.6842472876065538,1.1383926292233886,0.6842472876065538,1.1383926292233886,0.7452376752170049,1.1257950972207729
2026-09-16,12,1.3510122673807283,0.445139644744301,0.3846,0.44703232289859973,0.4043783845258326,0.42609963122533057,0.7314058926770356,0.39743478752878425,0.6476963894994711,0.42817311793426044,0.7188577785184711,0.4072487754327035,0.6697761371894444
2026-09-16,6,1.723850037481747,0.5694183645157331,0.3863,0.5071943996140085,0.441093881742585,0.5062237571061174,0.7840958317637398,0.48831230706976736,0.6905473448089366,0.49008725436683687,0.7289365674108614,0.4886478286543063,0.7038864479139978
2026-09-16,3,2.446358177299388,0.7294555578593659,0.386,0.6037363522141926,0.5238219582146318,0.45508330927122026,0.7039793888893057,0.4513832483448588,0.6447088426500268,0.4669971822639274,0.6778307974488528,0.46250098857558064,0.661987334832793
2026-09-16,1,3.692243995809637,0.3833505423196229,0.3822,0.7344054298661231,0.6403482243703089,0.054737492961385505,0.19330519192791873,0.05387215613849443,0.17927278993585474,0.18652686319839107,0.36584716594745903,0.15596967180732751,0.3277983941315275
2026-09-17,24,1.0000000000000002,0.4454376592548976,0.38,0.38,0.33171331291179806,0.6232413389948197,1.0976314156125175,0.6132740877666123,1.0006237664319497,0.6132740877666123,1.0006237664319497,0.6193835594914608,0.9548421587329227
2026-09-17,12,1.3464653341945416,0.3240983977100802,0.3550999999999999,0.412048427063189,0.3874743337885716,0.220987907273037,0.46378202506577487,0.2642784440275845,0.5000131415435212,0.3217737802217812,0.5912661714893082,0.2975288812777723,0.5521439671594532
2026-09-17,6,1.7186005374859574,0.2886552292216682,0.3346,0.43864522720690957,0.4370315484432268,0.08913144106885978,0.2682265186765797,0.12395063036501339,0.2938320500760169,0.20496961630852728,0.41531516704371313,0.20370562263843067,0.41341844909644615
2026-09-17,3,2.436079163794845,0.4474800245277369,0.3425,0.5345720825182597,0.5030607401536892,0.036525504787731665,0.17356237670407315,0.008989281923594529,0.07190196295735736,0.07609271866021236,0.24195110504589365,0.060666680994490525,0.2113152526974811
2026-09-17,1,3.6698789481831957,0.4120076472630493,0.3411,0.6534428180160416,0.6149723878458239,0.009572180834283758,0.08209736218720061,0.0025114447942780724,0.036079299882582024,0.06117401345808787,0.1938690015614923,0.050907265532322346,0.17473587839980056
2026-09-18,24,1.0,0.2960936384518757,0.3387,0.3387,0.3217261341642115,1.391843188037718,4.785529033614197,1.3629806224739032,4.614781804256273,1.3629806224739032,4.614781804256273,1.3864754218841138,4.942426298691135
2026-09-18,12,1.344915580055792,0.327069571312014,0.3436999999999999,0.39859059264884916,0.3721628032563117,1.4591273297505039,3.899258963703048,1.4962557178331095,5.428812848970278,1.4218692517513167,4.437650415710679,1.4569080541876709,4.863230364289572
2026-09-18,6,1.7142154403208345,0.4088907432362515,0.3452,0.45196363026638464,0.4222729148847643,1.374289197910426,3.2541940940445504,1.5068625727635412,5.099954171088326,1.4231885469433116,3.5900431589658286,1.4507458608191446,3.905406840074497
2026-09-18,3,2.4290720059186968,0.6509341786805328,0.3529,0.5500116047799584,0.48249256795300227,1.413987743519005,3.756736929509571,1.501852468974555,9.210340371976182,1.4740302471605817,4.9090297897960395,1.4913031740753857,5.901926190357651
2026-09-18,1,3.5513854465393906,0.6509077928883172,0.3457,0.6514757955011823,0.6589151180679211,0.009303969047154576,0.08670236032234334,1.719048798544218e-06,0.0010134312396595118,0.009192056630328599,0.0808392048594991,0.010003402620664077,0.08450792302592423
2026-09-19,24,1.0,0.2826942080917098,0.3477,0.3477,0.3360575800504444,0.2619320282863458,0.5616291716913013,0.3682153268192972,0.7038813510012656,0.3682153268192972,0.7038813510012656,0.3508290516549299,0.6757102579669555
2026-09-19,12,1.3585377011399096,0.2165140202603538,0.3490999999999999,0.4068981322806221,0.39756573301866743,0.027732166366032648,0.15292473876406817,0.17719631160034335,0.4205730815874524,0.25406575939316395,0.5363004987080268,0.24193607432436598,0.5181472910832171
2026-09-19,6,1.7745834235009845,0.2491557157645483,0.3492,0.4651815112352394,0.4550425760217729,0.02209978231064457,0.12628421930460496,0.08203699247784606,0.24635624149666346,0.1801872415633155,0.4100482893067567,0.17110547382416844,0.3958484934596788
2026-09-19,3,2.5854635175071063,0.2843546865683395,0.3492,0.5614918307700191,0.5496040053849642,0.007469986787827084,0.07444590513356417,0.02177999544609478,0.11311999611140422,0.1213998825347302,0.31504608427102787,0.11435768156236499,0.30315488662427614
2026-09-19,1,3.532133290328524,0.2776710004143864,0.3525999999999999,0.6626754015916726,0.6432479861254914,0.004085903983015177,0.0540672212702757,0.015930194887091652,0.0934840344838403,0.11296565695870724,0.2732049973307226,0.10650678067831516,0.2637670940006023
2026-09-20,24,0.9999999999999999,0.1955390700742117,0.3571,0.3570999999999999,0.3422084288150941,0.2239611603936582,0.45219668186944106,0.4329343159072943,0.7848088746943178,0.43293431590729414,0.7848088746943177,0.4172987865270281,0.7540865660679485
2026-09-20,12,1.351699947933296,0.2175469235082245,0.3571999999999999,0.41529011965698553,0.40915115775863764,0.10576135143095476,0.2921452586357723,0.2697288027663373,0.5176625045269309,0.33247216335531427,0.6176114233245996,0.3261305272488921,0.6072455575441777
2026-09-20,6,1.7649479451427579,0.1881523568236968,0.3483,0.4627212291702526,0.4663142603692316,0.028451194376840003,0.1432136404373639,0.14759825876687155,0.32975343820851744,0.24155913297660148,0.47106170799775,0.24446575552547312,0.47550049742102063
2026-09-20,3,2.570829242114271,0.22807261086822,0.3522,0.5647106356404012,0.5631358731326581,0.010648703212997821,0.08086772215808458,0.06091371976962174,0.19311115551882163,0.1796559152402928,0.38178285889941194,0.178725336484484,0.38037441566774055
2026-09-20,1,3.5095690358850615,0.3538607226582219,0.3527,0.6607426708878537,0.655084993210873,0.0003442033509877685,0.016040444170086363,0.0002978240508285611,0.012282304586492083,0.029288194429971836,0.1347129205327342,0.028177537289216355,0.1317856624611166
2026-09-21,24,1.0000000000000002,0.2908577698895851,0.3524,0.3524,0.3502012032901212,1.3705105161920978,4.189654742026425,1.3126482052249453,3.9006670167974766,1.3126482052249453,3.9006670167974766,1.315815878994271,3.9303415728715536
2026-09-21,12,1.3442991644268025,0.3514209608252847,0.3529,0.4091660793639211,0.40882309654003257,1.4028080216534116,3.876642528168632,1.4538292685322436,4.778323753173719,1.377190557215623,3.942813947324748,1.3776462413894077,3.94693229839584
2026-09-21,6,1.7079786389176739,0.6261149444153802,0.3754,0.4906089715507202,0.522146893717306,0.330345663550545,0.6716717668343731,0.12241491508806437,0.31482061157541874,0.23066904045598188,0.48370352192936916,0.2599950747926553,0.5281568673818279
2026-09-21,3,2.481962630442571,0.6828068371562752,0.3865,0.6089016030126951,0.6342758597310922,0.2134391088788475,0.48618505145480684,0.04013826691929416,0.1606334467204502,0.1676058722064727,0.39065768673452056,0.18449914520584382,0.41705374253371447
2026-09-21,1,3.3882709102090995,0.544979445248837,0.3871,0.7125448982360802,0.7369750897697172,0.2853135961480251,0.5145434006175063,0.2174441130726103,0.4000751360359557,0.3283520957875369,0.5218108599846241,0.3336653525632112,0.5281683054604792
2026-09-22,24,1.0,0.4217295583564461,0.3832,0.3832,0.40039945487560585,0.41088621404277725,0.7342522492677468,0.43768624307267634,0.7354653799870071,0.43768624307267634,0.7354653799870071,0.43046107635692155,0.7343430901232112
2026-09-22,12,1.3552921432813587,0.3945310366996367,0.3791,0.44133690470032055,0.4717813322236044,0.6660300944340576,0.9872569636462817,0.645496611751249,0.9247031087675621,0.587706842725336,0.8912898733765443,0.564868449351037,0.8784870396481471
2026-09-22,6,1.6965682850058894,0.5387835921092233,0.3743,0.4875346634320321,0.5336252295919736,0.32947946279776497,0.552954852983394,0.2915842390819964,0.4837912696964173,0.3228801126902321,0.5294791304367104,0.32834697737715146,0.5431876114154557
2026-09-22,3,2.4580902579588564,0.6611797330312476,0.382,0.5989109806994594,0.6437711164929788,0.421762163366859,0.6305967316477602,0.47135901664523827,0.6648705747147102,0.46914897855307447,0.6775956958379982,0.46439542828486746,0.6793016615460665
2026-09-22,1,3.347820630854271,0.4973435195137273,0.3804999999999999,0.6962027778530037,0.7415727581567171,0.16519657593178003,0.3437457306531367,0.1069276141810035,0.26295358292281273,0.23784895902184738,0.42303781353341824,0.25056283218752284,0.4371995606772024
2026-09-23,24,1.0,0.3865797725636776,0.3793999999999999,0.3793999999999999,0.40189290404875383,0.012821909378526525,0.09692438515886591,0.011642892185690954,0.081585845564231,0.011642892185690954,0.081585845564231,0.01538343458462212,0.09518522900723889
2026-09-23,12,1.3571480209900475,0.4256316342819562,0.3847,0.44816279002358395,0.4454732708103486,0.001091466679264299,0.028170876966696335,0.000350825655318076,0.013356091839827396,0.0016119606542072246,0.029002840449261585,0.001529577475550092,0.028232237174783573
2026-09-23,6,1.6904685958663415,0.4848063076738804,0.3782999999999999,0.49185817597299564,0.5046373372085144,0.0038177629644152574,0.05025162762669384,0.00038557208318227675,0.013982943186942726,0.004129295754922973,0.04659925578675227,0.004936216855742972,0.051092295976388494
2026-09-23,3,2.447289518783274,0.5516623092024321,0.3718,0.5816370466007907,0.6059229892116226,0.0034132320162767933,0.047164045855013874,4.671900008981134e-05,0.004844884472763678,0.004872673481448648,0.050645442581998684,0.00638944118493911,0.05823209932994644
2026-09-23,1,3.3024818756588483,0.5403863158128326,0.3695,0.6714824466091214,0.7291662522719136,0.03762241970635866,0.15570493593792764,0.00592923001618113,0.055986689348571074,0.07182763610655057,0.21012249263030258,0.08743687123639632,0.2346005877242307
2026-09-24,24,1.0,0.3569086553746617,0.3649,0.3649,0.4037894181573149,0.4981980579734439,0.8765568229254188,0.554727667587715,0.9455871317819058,0.554727667587715,0.9455871317819058,0.5754704830728656,1.0083103904509698
2026-09-24,12,1.362293896499321,0.3980480191760462,0.367,0.42835266151338086,0.4688473412148754,0.5643950000000001,0.8746690571833355,0.5513870834546022,0.8254092573021837,0.5539175683419925,0.8782723660328853,0.5603619867812952,0.9182755041158148
2026-09-24,6,1.6995842044247287,0.5234726587637638,0.3593,0.4684125908327774,0.5354170440683816,0.9813787697959885,1.5162400375869718,1.285746093726451,1.7535872768431826,1.0370173059986585,1.4678930530629817,0.9357337142217571,1.3769049908314395
2026-09-24,3,2.479646384372493,0.5669743803731957,0.3559,0.5604319210606484,0.6464937326784815,0.9203225925118638,1.256521900374069,1.16589174485439,1.4453504786713933,0.8817664875225829,1.1413088857943006,0.807483935777722,1.0925291259520837
2026-09-24,1,3.290053012567862,0.5646866602612963,0.3544,0.6428285562609951,0.7564155170498247,1.1017057319108459,1.4287087126645088,1.439528106767571,1.8864380214848488,1.0220282297646734,1.257695331860981,0.9340762822605366,1.1605563401088803
2026-09-25,24,0.9999999999999999,0.3473893698884198,0.3565,0.35649999999999993,0.4210845414354046,0.6971174371939515,1.1612258813960965,0.6598325599759102,1.0849762412287869,0.6598325599759102,1.084976241228787,0.6501185059301777,1.1404348442700152
2026-09-25,12,1.366972806201079,0.3739102485115498,0.3621,0.4233586740775618,0.49367719634161034,0.680487565193197,1.0213809407321195,0.6352025958533047,0.9202205184622159,0.6086274562259424,0.9431325801578144,0.598776824908554,0.9896845371942355
2026-09-25,6,1.7100279031617556,0.3497646726534929,0.3484,0.45559583465743625,0.5500142795848971,1.1839404050207323,1.7013931885405407,1.1366840198495236,1.4690071211892977,0.922746702140799,1.2643878079918835,0.8073818569791086,1.1857906231753306
2026-09-25,3,2.5076251510366077,0.4710999181277613,0.3528,0.558675832732364,0.6658386462598496,1.1062948245092208,1.5388203452201472,1.2868257400373098,1.6277023459661744,0.9404044892251487,1.2251570817306356,0.8304898872505103,1.1431028983111213
2026-09-25,1,3.3310110338137546,1.0218235998224012,0.3506,0.6398820793242759,0.679643856939151,0.4294324055424786,0.6497668849297201,0.5398466579777064,0.7330143403608743,0.5195772843835582,0.7132462871228386,0.5179728856948473,0.7122037482053332
2026-09-26,24,0.9999999999999999,0.1960611714668656,0.3489,0.34889999999999993,0.3723846914167563,0.7487590359367182,1.0358739480346864,0.6097291946684757,1.001897342622807,0.6097291946684756,1.0018973426228068,0.6119210252486832,1.0309645157822038
2026-09-26,12,1.3672894158871436,0.259034439868418,0.3463,0.4049325771670277,0.4253168443846601,0.6134819118298966,0.8510246734182069,0.5494933028668748,0.8072949653470484,0.5494075526940438,0.8539965556522696,0.5512816519302541,0.8728816474974769
2026-09-26,6,1.7117873137216721,0.3835051345296978,0.342,0.44745669216376877,0.476440065519075,0.47602107607870947,0.6936421075683159,0.48182475245462264,0.6826918728527379,0.4928027774944868,0.7268520375150203,0.4962828082886163,0.7438168210525076
2026-09-26,3,2.5126884991337173,0.074158302228802,0.3472,0.5503627632420379,0.57753849486508,0.2135406610982889,0.4088906069311919,0.42881799441262886,0.6220607369765656,0.4612444001969275,0.6731932065585484,0.46483327852708706,0.6829919765479057
2026-09-26,1,3.329185813699024,0.1236333351102811,0.3472999999999999,0.6336855456413858,0.6641482627210143,0.36777523558850345,0.5707338765193996,0.451556276064093,0.6446640553018032,0.47509051357957544,0.6686728881406439,0.47654987343735833,0.6704878247831366
2026-09-27,24,1.0,0.1435190490595919,0.3479,0.3479,0.36415592013942966,0.324038438314097,0.5524472984568102,0.4998039763207172,0.8632844832439075,0.4998039763207172,0.8632844832439075,0.5117490586602806,0.8934781956903989
2026-09-27,12,1.3669604387628453,0.1434998469071839,0.3489,0.40792370393583655,0.4155704480070991,0.07036431921285081,0.23830082453585574,0.30981639918933424,0.5629369147464811,0.3688151864957292,0.6624992357886521,0.37598468801512586,0.6751465550206195
2026-09-27,6,1.7103989445126089,0.2583910135554965,0.3472999999999999,0.45420665506569924,0.46529221307333485,0.010921847567292933,0.09579620654536271,0.058244206676740067,0.218901637375842,0.15595037064462572,0.390149367510033,0.1671470016408657,0.40748573286170187
2026-09-27,3,2.510163674094253,0.2850013618476579,0.348,0.5513536628947978,0.5629379663668458,0.003650175278158813,0.05324451451881224,0.012410515592893046,0.08887798364404147,0.10631260442291517,0.3024123998470833,0.11386062845098896,0.3153168401368962
2026-09-27,1,3.3214543596995676,0.3083969876548161,0.3507,0.639145757407562,0.6526213416442375,0.0015716320172138227,0.03502007190414722,0.003938252016559731,0.045390759303125625,0.06397154363366958,0.2005940434365615,0.06799831772182653,0.2079405208213084
2026-09-30,24,1.0,0.3027387014359428,0.356,0.356,0.30461179297505503,0.9943077468423703,1.6372526006169774,0.8601177761870733,1.4234337824311796,0.8601177761870733,1.4234337824311796,0.943533357732405,1.4914126553132259
2026-09-30,12,1.3610911610248408,0.3089285647617792,0.3527,0.41148031772424287,0.35772192926176316,1.087439004570921,1.5574099541222366,0.9648735099646089,1.379632216696761,0.8656476151032502,1.3052098667544128,0.9546054911406905,1.3710100585329177
2026-09-30,6,1.702341812602338,0.4010365641463578,0.3568,0.4655305955113888,0.3974143128583823,0.8783338457352607,1.1964032437461976,0.9102102273768049,1.151775675292448,0.7778313665154206,1.0606610473104647,0.8529681688885918,1.1056526961696889
2026-09-30,3,2.4754495785816624,0.6170399078881637,0.3575,0.562474824061133,0.5133629905005651,0.16867615428052965,0.40798717754087416,0.024346128818490066,0.12249752566355865,0.12988570239719685,0.3336944536022596,0.09906857775264666,0.2811225155013821
2026-09-30,1,3.2552392853635426,0.5252880112635601,0.3539,0.6385163489650103,0.5783596333687832,0.8860155407833273,1.120591195386885,1.0845768131824653,1.333331363030028,0.8129486631314553,1.0159945815728906,0.8481124478569291,1.0535846610779789
2026-10-01,24,1.0,0.3004502378617067,0.3521,0.3521,0.3185264699068784,0.47008012707572605,0.795841100531369,0.5085755876089354,0.8778266209301462,0.5085755876089354,0.8778266209301462,0.48498564220104096,0.8162136043213046
2026-10-01,12,1.3703065299897166,0.3513665571598771,0.3561999999999999,0.41696805015121763,0.3700337618478097,0.6865096071626473,0.9927643247920038,0.665664711950488,0.9482836106669505,0.6365420638703988,0.969882376875067,0.6572265845670368,0.9511234714341393
2026-10-01,6,1.7284485457643965,0.4640342762808897,0.3581,0.4707957663570375,0.40983828580902476,0.7204098691067615,1.0340128828764965,0.736635052438568,0.9509406318361547,0.6620134976339865,0.9229018888891487,0.6973303103311823,0.9291293813559794
2026-10-01,3,2.494080825239647,0.4763190364078413,0.362,0.5716942606522338,0.4921547102758295,0.84420466113683,1.1531578644081621,0.9289805024240513,1.1456967342894442,0.7447411474508656,0.9801159382406075,0.799804430395663,1.0176602041568594
2026-10-01,1,3.24688428674451,1.0901158132176705,0.3616,0.6515711214320292,0.5460100750932695,0.5983741525756268,0.8270296351505099,0.3850352101902003,0.577621415152187,0.43623283471079294,0.6299315720435397,0.4232439324216863,0.6162799441971627
2026-10-02,24,1.0,0.349868200633591,0.3593,0.3593,0.29634980251937293,0.4451614590214471,0.8195882789594432,0.5065465065005837,0.8825143118872851,0.5065465065005837,0.8825143118872851,0.4586459840564846,0.7640095650246903
2026-10-02,12,1.3677306009497443,0.4149884862163616,0.3643,0.4260489046605317,0.350796439051877,0.3320598154400519,0.6531036991191036,0.29331491002488846,0.5589977136735806,0.3581711662098994,0.6672480828815016,0.2782155727582891,0.5346595985876306
2026-10-02,6,1.7095750265855554,0.4307757137620351,0.3553,0.46455730116731536,0.4155530008204091,0.8497688613218343,1.2242655075936986,0.8810489744479469,1.123744741156393,0.7480294021370815,1.0355682064909675,0.7991322506364721,1.062933283765732
2026-10-02,3,2.464580191064314,0.5037863710674917,0.3627,0.5694020578141222,0.5009435123458366,1.3599441749068848,2.1737630906572214,1.6484831879312458,2.503939644409529,1.180342054795328,1.6748743777472304,1.3127242443137703,1.852355715494735
2026-10-02,1,3.195330453153452,0.4411352252263088,0.3574,0.6388699152051592,0.5802920249615222,0.09696358006819303,0.2734996978550998,0.05731859331736081,0.18547526513708268,0.17556116601360602,0.3526858695017553,0.15399933780757707,0.3254957532993788
2026-10-03,24,1.0,0.1965435340759528,0.3534,0.3534,0.3255076895761149,0.1297784651992861,0.35319667956240747,0.40201112728837374,0.7616198981882967,0.40201112728837374,0.7616198981882967,0.36183421388029485,0.693700037387617
2026-10-03,12,1.3727596401145734,0.1528010378656421,0.3482,0.4079679233821268,0.3849266208283984,0.011539176581936173,0.09870741675282098,0.22282217927651432,0.47690795624496873,0.3009667798144636,0.5954218571764688,0.27171300066060455,0.5507193298400542
2026-10-03,6,1.7169394194854186,0.1634828248636692,0.3464,0.45389496922166594,0.4293432489660876,0.005272971933871573,0.0658465657975864,0.11204816355696372,0.2907390673213603,0.20981310001938894,0.4449420445912406,0.18697426571297,0.40999024188855765
2026-10-03,3,2.4818313165450903,0.2865177145377144,0.3502,0.5516990954626829,0.5163380891511619,0.001866400650941704,0.040658046655308824,0.008862809826402609,0.0777650212138211,0.09724123853204131,0.29169859359329553,0.07544745098921896,0.2515853587367869
2026-10-03,1,3.198838240006722,0.4648458086319059,0.3507,0.6272373414977495,0.5858193297570314,0.0014944076538085938,0.036801766165971514,2.4720980254055204e-05,0.0036062831877742385,0.01260035916792885,0.09237929460741179,0.00782956738337083,0.07153466152909325
2026-10-04,24,1.0,0.1666346861298898,0.3508,0.3508,0.32733557993349416,0.05276793967946366,0.2176193388749786,0.3864392615735949,0.7410532843868748,0.3864392615735949,0.7410532843868748,0.34985741817049043,0.6817402496792748
2026-10-04,12,1.372635419306878,0.1781538967582575,0.3546,0.4154476740586391,0.38247119752448355,0.012003672996976565,0.09679938335579262,0.21095137463742974,0.46994407039784863,0.2936682846012112,0.5937248463572586,0.24978592642407957,0.5278723727582858
2026-10-04,6,1.7166024402487075,0.2148956225034196,0.3592,0.4706208791333115,0.42653471969880635,0.006793179782685846,0.07020425867324857,0.08536852068762842,0.2618558024466299,0.189127108852402,0.43281103899102186,0.14634753940616166,0.3659318336704033
2026-10-04,3,2.480149898998691,0.2991289619173426,0.3581,0.5639534867252223,0.5130875289239059,0.0028670529551858273,0.045128062783720835,0.011326365575771944,0.08759584657325824,0.10667263900460547,0.3073882028852078,0.07513114626680717,0.2500494299152739
2026-10-04,1,3.196380755066422,0.3735985476683627,0.3575,0.63915368877697,0.5768735955205796,0.0007501295534217289,0.025001302205417155,0.0003726156159377503,0.013763024614838878,0.026637242796385994,0.1296611830282865,0.01589224434750963,0.09708214188374972
2026-10-05,24,1.0,0.2783807917829406,0.3583,0.3583,0.32260719058123727,0.2757883193452691,0.5800943192789634,0.4026888103379509,0.7664293138207898,0.4026888103379509,0.7664293138207898,0.34966247144060975,0.6782672588248488
2026-10-05,12,1.3684348217998554,0.3790767687383177,0.3675,0.4299019369597057,0.37529049736419173,0.5143098798326191,0.8129035765015041,0.5451619315591061,0.8267133306231134,0.5445572418631031,0.8776261617127448,0.5444299582749221,0.8322893456259303
2026-10-05,6,1.7064743432284348,0.4599170384133775,0.3605,0.4709286912734806,0.42470325286294736,0.49802945941901045,0.7523001317649239,0.46885834137793425,0.675167729152891,0.47861171724364676,0.7276843065946991,0.47409223686303475,0.701964312128642
2026-10-05,3,2.4636626280653915,0.6229966522908608,0.3627,0.569296053777639,0.5061252140181882,0.39785159771047407,0.6476848064831879,0.3745252687731961,0.5674523590645653,0.42160157457413366,0.6398149815023467,0.4095900554823902,0.6146176927330889
2026-10-05,1,3.16196255156426,0.4067528169091159,0.3641,0.6474392733881978,0.5826398373703775,0.05853648440535448,0.20488259217960061,0.04121745578904385,0.1549681652345813,0.15145364843702566,0.3236173825338231,0.12783080093210014,0.29206525531680494
