date,best_lag_min,err_lag0,err_best
2026-07-15,0,0.001857930042039535,0.001857930042039535
2026-07-16,0,0.006532104247205677,0.006532104247205677
2026-07-17,0,6.725727930444316e-05,6.725727930444316e-05
2026-07-20,0,0.0012610841075194313,0.0012610841075194313
2026-07-21,0,0.0010448428334860827,0.0010448428334860827
2026-07-22,0,0.007672622313414933,0.007672622313414933
2026-07-23,0,0.00010618185228302835,0.00010618185228302835
2026-07-24,0,0.010096447551286145,0.010096447551286145
2026-07-25,0,0.08244688510251572,0.08244688510251572
2026-07-26,0,0.0004109723141107394,0.0004109723141107394
2026-07-27,0,0.0001854319068830747,0.0001854319068830747
2026-07-28,0,0.002695758063259564,0.002695758063259564
2026-07-29,0,0.0046597176318408295,0.0046597176318408295
2026-07-30,0,0.0003208973486903165,0.0003208973486903165
2026-07-31,0,0.0002995002934414305,0.0002995002934414305
2026-08-01,5,9.667664167088935e-05,9.331227764407534e-05
2026-08-04,0,0.008309815052684086,0.008309815052684086
2026-08-05,0,0.0006310327604256107,0.0006310327604256107
2026-08-06,5,4.3405173756937666e-05,3.8694388441540285e-05
2026-08-07,10,0.00022553014660580033,0.00021312619084820324
2026-08-08,10,5.135514541418759e-05,4.457870854021059e-05
2026-08-09,10,5.629350512823678e-05,4.836749278375997e-05
2026-08-10,0,0.0002488059418072246,0.0002488059418072246
2026-08-11,0,0.00041956042194183155,0.00041956042194183155
2026-08-12,1,0.00016789414868573793,0.0001661835320857016
2026-08-13,0,0.0025894709922053495,0.0025894709922053495
2026-08-14,10,9.874500164959229e-05,8.745348235373339e-05
2026-08-15,10,3.852332010281797e-05,3.827210162127887e-05
2026-08-16,10,2.968002412102876e-05,2.9372252103018565e-05
2026-08-17,0,0.005742495703159388,0.005742495703159388
2026-08-18,10,0.00018804849639379866,0.00017942066641251188
2026-08-19,0,0.06307518519354184,0.06307518519354184
2026-08-20,0,0.013132717159756474,0.013132717159756474
2026-08-21,10,2.852223953951417e-05,2.8522126540202682e-05
2026-08-22,10,2.7285753756310257e-05,2.7284635573662505e-05
2026-08-23,10,3.316743806298522e-05,3.316691023545532e-05
2026-08-24,10,2.730166260567669e-05,2.730104894059688e-05
2026-08-25,10,2.731366854665807e-05,2.7311821332042095e-05
2026-08-26,0,0.030340154689064133,0.030340154689064133
2026-08-27,0,0.03131707386806183,0.03131707386806183
2026-08-28,0,0.004927935195787308,0.004927935195787308
2026-08-29,0,0.07650990819435662,0.07650990819435662
2026-08-30,0,0.0075360901820400285,0.0075360901820400285
2026-08-31,0,0.011076126408625559,0.011076126408625559
2026-09-01,0,0.01300772669370852,0.01300772669370852
2026-09-02,0,0.0002537307073598375,0.0002537307073598375
2026-09-03,0,0.001212402664330963,0.001212402664330963
2026-09-04,0,0.0015644597379390608,0.0015644597379390608
2026-09-05,0,0.10805713253014147,0.10805713253014147
2026-09-06,0,0.04972578440119567,0.04972578440119567
2026-09-07,0,0.001221223884317785,0.001221223884317785
2026-09-08,0,0.007174359576759775,0.007174359576759775
2026-09-09,0,0.003431858004010848,0.003431858004010848
2026-09-10,0,0.001266360763271109,0.001266360763271109
2026-09-11,1,0.008920412671406707,0.005725833196345615
2026-09-12,0,0.007901293262831132,0.007901293262831132
2026-09-13,0,0.0006279471226311575,0.0006279471226311575
2026-09-14,0,0.006055517410369957,0.006055517410369957
2026-09-15,0,0.0018941260307922857,0.0018941260307922857
2026-09-16,0,0.014279937414633504,0.014279937414633504
2026-09-17,0,0.010278368780070875,0.010278368780070875
2026-09-18,0,0.0009591763461258479,0.0009591763461258479
2026-09-19,0,0.04746308017475743,0.04746308017475743
2026-09-20,0,0.0025550383956131225,0.0025550383956131225
2026-09-21,0,0.007366901987351711,0.007366901987351711
2026-09-22,0,0.024813434928083748,0.024813434928083748
2026-09-23,0,0.01747431758385024,0.01747431758385024
2026-09-24,0,0.010648516352604233,0.010648516352604233
2026-09-25,0,0.007357327769452675,0.007357327769452675
2026-09-26,0,0.0874497304893495,0.0874497304893495
2026-09-27,0,0.017294551521908584,0.017294551521908584
2026-09-28,7,0.0004202123908640116,0.00023046870070642407
2026-09-29,0,0.003339175157320809,0.003339175157320809
2026-09-30,0,0.0038615432164812082,0.0038615432164812082
2026-10-01,0,0.005138485895090849,0.005138485895090849
2026-10-02,0,0.002607474368293984,0.002607474368293984
2026-10-03,0,0.001188638983496657,0.001188638983496657
2026-10-04,0,0.0036177418415370153,0.0036177418415370153
2026-10-05,0,0.0067031526326037484,0.0067031526326037484
